operator_a,operator_b,mean_G_difference_a_minus_b,ci_low,ci_high,probability_a_better_than_b
Tenengrad,Brenner Gradient,-0.003944000640709734,-0.005381933762020693,-0.002110072182347965,0.999
Tenengrad,Variance of Laplacian,-0.18876368273369348,-0.19709737851453774,-0.18111085208012154,1.0
Tenengrad,Sum Modified Laplacian,-0.19160168477869874,-0.20009831307906858,-0.1836605151237725,1.0
Tenengrad,Normalized Variance,-0.10984158446945268,-0.1124554065058434,-0.10706683708134632,1.0
Tenengrad,Energy of Gradient,-0.00014872874461119374,-0.0001629992679034454,-0.00013742451557145763,1.0
Tenengrad,Histogram Entropy,-0.1889408836497408,-0.1945871573560759,-0.18303682842239682,1.0
Tenengrad,GLCM Contrast,-0.25996325897068245,-0.2651307222218726,-0.25353617892818703,1.0
Tenengrad,Variance of Gradient,0.004489184219965639,0.003888263118691746,0.005171614373835439,0.0
Tenengrad,Fourier Transform Sharpness Index,-0.025661532054142098,-0.026774681163883665,-0.024125879752659972,1.0
Tenengrad,Fourier High Frequency Energy Ratio,-0.12336168833273481,-0.12849835654065023,-0.11825629396486785,1.0
Tenengrad,Roberts Focus Measure,-0.088409520421217,-0.09240422104199898,-0.08454462922598403,1.0
Tenengrad,Wavelet W1,-0.10617473283038077,-0.10862900347615935,-0.10354952339243727,1.0
Tenengrad,Wavelet W2,-0.10701591897832571,-0.10947104751393544,-0.10439047634440918,1.0
Tenengrad,Wavelet W3,-0.10655659947687343,-0.10900503821516849,-0.10393313991967665,1.0
Tenengrad,Wavelet Detail Energy (db1),-0.10635717806918797,-0.10881239411101581,-0.10373178136242174,1.0
Tenengrad,Curvelet Transform Sharpness Index,-0.10633318912479832,-0.10878741517464242,-0.10370805587750011,1.0
Tenengrad,DCT Focus Measure,-0.08676017002817299,-0.09047842715253732,-0.08313437739518116,1.0
Tenengrad,Intensity Skewness Index,-0.23286384457422768,-0.2371697140439708,-0.2239294250362945,1.0
Tenengrad,Squared Gradient,-0.00014816331273907258,-0.0001574740652331631,-0.00014050905232882403,1.0
Tenengrad,Gradient Squared Energy,-0.00018041089472599454,-0.00019622089756250253,-0.00016740262162171193,1.0
Tenengrad,Mean Intensity,-0.2132238076222463,-0.21857174356014966,-0.20501210525263036,1.0
Tenengrad,Intensity Variance,-0.11373603987591444,-0.11604140910697726,-0.11129715173957551,1.0
Tenengrad,Intensity Range Index,-0.12886500837542758,-0.13532663169267536,-0.1236629245940544,1.0
Tenengrad,Maximal Intensity,-0.23579346524529882,-0.24048029503085178,-0.23088651330291188,1.0
Tenengrad,Laplacian Energy,-0.19550514679573222,-0.2038292131490994,-0.1878566749876012,1.0
Tenengrad,Mean Absolute Laplacian,-0.19928692674953605,-0.20851310974074946,-0.19047867331339213,1.0
Tenengrad,Spatial Frequency,-0.09349906385626519,-0.09715000323910855,-0.08952981743948453,1.0
Tenengrad,Modified Tenengrad,-0.014660650859368445,-0.014945740401163882,-0.014401300890029878,1.0
Tenengrad,Absolute Central Moment 2,-0.11406871800835629,-0.11637366036864173,-0.1116286702873826,1.0
Tenengrad,Absolute Central Moment 4,-0.10907092291982852,-0.11226587561965094,-0.10603893558984202,1.0
Tenengrad,Image Power,-0.19458621438062054,-0.19963009550638453,-0.1863596497308229,1.0
Brenner Gradient,Variance of Laplacian,-0.18481968209298372,-0.19276081876418058,-0.17732251752993905,1.0
Brenner Gradient,Sum Modified Laplacian,-0.187657684137989,-0.19572978184770473,-0.17967897492191373,1.0
Brenner Gradient,Normalized Variance,-0.10589758382874294,-0.10817630429977936,-0.10387043286976298,1.0
Brenner Gradient,Energy of Gradient,0.0037952718960985402,0.0019464240841343334,0.005244287506891534,0.001
Brenner Gradient,Histogram Entropy,-0.18499688300903105,-0.19049417672598243,-0.17904138353889837,1.0
Brenner Gradient,GLCM Contrast,-0.2560192583299727,-0.2606851072276905,-0.24943674150342418,1.0
Brenner Gradient,Variance of Gradient,0.008433184860675371,0.007231342038140241,0.009546493251125401,0.0
Brenner Gradient,Fourier Transform Sharpness Index,-0.021717531413432363,-0.023018392278394355,-0.020477160740389636,1.0
Brenner Gradient,Fourier High Frequency Energy Ratio,-0.11941768769202508,-0.12441230836560505,-0.11440788376248716,1.0
Brenner Gradient,Roberts Focus Measure,-0.08446551978050726,-0.0879939409593687,-0.08084003080572133,1.0
Brenner Gradient,Wavelet W1,-0.10223073218967105,-0.10405841202067083,-0.10056154710842033,1.0
Brenner Gradient,Wavelet W2,-0.10307191833761599,-0.10490196688666287,-0.10139996233790988,1.0
Brenner Gradient,Wavelet W3,-0.1026125988361637,-0.10444358863887615,-0.1009413001779725,1.0
Brenner Gradient,Wavelet Detail Energy (db1),-0.10241317742847822,-0.10424290796516011,-0.10074165150040065,1.0
Brenner Gradient,Curvelet Transform Sharpness Index,-0.10238918848408861,-0.10421769334242367,-0.10071918482006441,1.0
Brenner Gradient,DCT Focus Measure,-0.08281616938746326,-0.08659132912369803,-0.07905460014421262,1.0
Brenner Gradient,Intensity Skewness Index,-0.22891984393351794,-0.23262056945933515,-0.22026787484838148,1.0
Brenner Gradient,Squared Gradient,0.0037958373279706613,0.00195201956831617,0.00524131244850092,0.001
Brenner Gradient,Gradient Squared Energy,0.003763589745983739,0.0019127228616946754,0.005214775163480629,0.001
Brenner Gradient,Mean Intensity,-0.2092798069815366,-0.214769160223979,-0.20051172526344285,1.0
Brenner Gradient,Intensity Variance,-0.1097920392352047,-0.11176415623976196,-0.10797170722192866,1.0
Brenner Gradient,Intensity Range Index,-0.12492100773471787,-0.13186504212247208,-0.119340563889645,1.0
Brenner Gradient,Maximal Intensity,-0.23184946460458905,-0.23707792025066732,-0.22688875053175012,1.0
Brenner Gradient,Laplacian Energy,-0.19156114615502248,-0.19949598584149847,-0.18406889045997665,1.0
Brenner Gradient,Mean Absolute Laplacian,-0.1953429261088263,-0.20482028069419025,-0.18669964983856463,1.0
Brenner Gradient,Spatial Frequency,-0.08955506321555547,-0.09276034837854812,-0.08623161134580164,1.0
Brenner Gradient,Modified Tenengrad,-0.01071665021865871,-0.012366134989234775,-0.009387090515968935,1.0
Brenner Gradient,Absolute Central Moment 2,-0.11012471736764655,-0.11209709984694169,-0.10830226939863537,1.0
Brenner Gradient,Absolute Central Moment 4,-0.10512692227911878,-0.10815041807178336,-0.1023581380155376,1.0
Brenner Gradient,Image Power,-0.1906422137399108,-0.19593884375141363,-0.18230630499051761,1.0
Variance of Laplacian,Sum Modified Laplacian,-0.0028380020450052656,-0.005597635553008633,0.0002487034912102128,0.964
Variance of Laplacian,Normalized Variance,0.07892209826424079,0.07134260747616443,0.08664047874572854,0.0
Variance of Laplacian,Energy of Gradient,0.1886149539890823,0.1809660685421115,0.19694894117202716,0.0
Variance of Laplacian,Histogram Entropy,-0.00017720091604731463,-0.008734172163464242,0.009287918144256493,0.519
Variance of Laplacian,GLCM Contrast,-0.07119957623698893,-0.08066914739930928,-0.0608988978200756,1.0
Variance of Laplacian,Variance of Gradient,0.19325286695365912,0.1860597115240861,0.2012652331032324,0.0
Variance of Laplacian,Fourier Transform Sharpness Index,0.16310215067955136,0.15555075878528826,0.17114731424810944,0.0
Variance of Laplacian,Fourier High Frequency Energy Ratio,0.06540199440095867,0.057621226359809555,0.07394905372393651,0.0
Variance of Laplacian,Roberts Focus Measure,0.10035416231247649,0.09267725699879634,0.10876761798559074,0.0
Variance of Laplacian,Wavelet W1,0.08258894990331271,0.07511082420038312,0.0909769720387147,0.0
Variance of Laplacian,Wavelet W2,0.08174776375536777,0.07427015600748256,0.0901364792571002,0.0
Variance of Laplacian,Wavelet W3,0.08220708325682007,0.07472846212271916,0.09059954803280923,0.0
Variance of Laplacian,Wavelet Detail Energy (db1),0.08240650466450553,0.07492880408313352,0.09079492504030168,0.0
Variance of Laplacian,Curvelet Transform Sharpness Index,0.08243049360889515,0.07495244430461005,0.09081885727192084,0.0
Variance of Laplacian,DCT Focus Measure,0.10200351270552048,0.09463632871469209,0.11029816751602434,0.0
Variance of Laplacian,Intensity Skewness Index,-0.04410016184053419,-0.053341926113101686,-0.033564249314678295,1.0
Variance of Laplacian,Squared Gradient,0.1886155194209544,0.18096500804613244,0.19694923629446096,0.0
Variance of Laplacian,Gradient Squared Energy,0.1885832718389675,0.18093379550813762,0.1969167248578391,0.0
Variance of Laplacian,Mean Intensity,-0.024460124888552804,-0.033962443700054905,-0.012357945886082581,1.0
Variance of Laplacian,Intensity Variance,0.07502764285777906,0.06740315816966597,0.08308462990392353,0.0
Variance of Laplacian,Intensity Range Index,0.05989867435826588,0.05030261009929466,0.0691956266256752,0.0
Variance of Laplacian,Maximal Intensity,-0.04702978251160532,-0.05605691792004816,-0.03698009049374869,1.0
Variance of Laplacian,Laplacian Energy,-0.006741464062038745,-0.006747482742118609,-0.006733487246175179,1.0
Variance of Laplacian,Mean Absolute Laplacian,-0.010523244015842561,-0.0158432957061063,-0.005296622738258775,1.0
Variance of Laplacian,Spatial Frequency,0.09526461887742829,0.08796289181373743,0.10317897667332303,0.0
Variance of Laplacian,Modified Tenengrad,0.17410303187432505,0.16656004976789804,0.18236064246382389,0.0
Variance of Laplacian,Absolute Central Moment 2,0.0746949647253372,0.06707005483564425,0.08275183614980922,0.0
Variance of Laplacian,Absolute Central Moment 4,0.07969275981386495,0.07204977675626321,0.0879722167505376,0.0
Variance of Laplacian,Image Power,-0.00582253164692707,-0.015668434496027762,0.006018492362898016,0.853
Sum Modified Laplacian,Normalized Variance,0.08176010030924606,0.07394823737582346,0.08992896594845017,0.0
Sum Modified Laplacian,Energy of Gradient,0.19145295603408755,0.18351165866238373,0.19995813594449008,0.0
Sum Modified Laplacian,Histogram Entropy,0.002660801128957951,-0.006640840747560333,0.012524381799174276,0.306
Sum Modified Laplacian,GLCM Contrast,-0.06836157419198366,-0.0781493415895878,-0.05708772229352339,1.0
Sum Modified Laplacian,Variance of Gradient,0.19609086899866437,0.18824345502330203,0.20434558798988198,0.0
Sum Modified Laplacian,Fourier Transform Sharpness Index,0.16594015272455664,0.15787051987054995,0.17416667908555356,0.0
Sum Modified Laplacian,Fourier High Frequency Energy Ratio,0.06823999644596393,0.06022196426013532,0.07664941562538254,0.0
Sum Modified Laplacian,Roberts Focus Measure,0.10319216435748174,0.09525644823247172,0.11134838789342012,0.0
Sum Modified Laplacian,Wavelet W1,0.08542695194831797,0.07744393534706574,0.09379734381942578,0.0
Sum Modified Laplacian,Wavelet W2,0.08458576580037303,0.07660233292037055,0.09295835887397688,0.0
Sum Modified Laplacian,Wavelet W3,0.08504508530182531,0.07706690058721545,0.09342376852834733,0.0
Sum Modified Laplacian,Wavelet Detail Energy (db1),0.08524450670951077,0.07726102244990031,0.09361656807806738,0.0
Sum Modified Laplacian,Curvelet Transform Sharpness Index,0.08526849565390042,0.0772856332415288,0.09363986315947158,0.0
Sum Modified Laplacian,DCT Focus Measure,0.10484151475052575,0.09710037597748332,0.11343734079788027,0.0
Sum Modified Laplacian,Intensity Skewness Index,-0.04126215979552893,-0.05121792263935605,-0.03078513750006682,1.0
Sum Modified Laplacian,Squared Gradient,0.19145352146595968,0.18351244721257426,0.19995603215730243,0.0
Sum Modified Laplacian,Gradient Squared Energy,0.19142127388397273,0.1834804785713049,0.19992808916850335,0.0
Sum Modified Laplacian,Mean Intensity,-0.021622122843547538,-0.031368471177542,-0.009614943217023194,1.0
Sum Modified Laplacian,Intensity Variance,0.07786564490278432,0.06989534902250688,0.08598644502843834,0.0
Sum Modified Laplacian,Intensity Range Index,0.06273667640327114,0.052543137328941676,0.07218342536204057,0.0
Sum Modified Laplacian,Maximal Intensity,-0.04419178046660005,-0.05357209814983201,-0.034066092964152375,1.0
Sum Modified Laplacian,Laplacian Energy,-0.003903462017033478,-0.006989678395520072,-0.0011439192151581701,0.996
Sum Modified Laplacian,Mean Absolute Laplacian,-0.007685241970837294,-0.01271250913896862,-0.003109860939753887,1.0
Sum Modified Laplacian,Spatial Frequency,0.09810262092243355,0.09047527130242625,0.1058913758847625,0.0
Sum Modified Laplacian,Modified Tenengrad,0.1769410339193303,0.1690304203630047,0.18532317316165098,0.0
Sum Modified Laplacian,Absolute Central Moment 2,0.07753296677034245,0.06956090680042792,0.08565461193600209,0.0
Sum Modified Laplacian,Absolute Central Moment 4,0.08253076185887022,0.07422727688713823,0.09067433810846111,0.0
Sum Modified Laplacian,Image Power,-0.002984529601921804,-0.013244347476263883,0.008795474107625255,0.719
Normalized Variance,Energy of Gradient,0.10969285572484148,0.10690632497241055,0.11231204790905691,0.0
Normalized Variance,Histogram Entropy,-0.07909929918028812,-0.08472696791695782,-0.07262198913442253,1.0
Normalized Variance,GLCM Contrast,-0.15012167450122973,-0.1553223218895273,-0.14334605196074468,1.0
Normalized Variance,Variance of Gradient,0.11433076868941833,0.11196676265751461,0.11674057779886944,0.0
Normalized Variance,Fourier Transform Sharpness Index,0.08418005241531058,0.08175921067707582,0.08659314358605252,0.0
Normalized Variance,Fourier High Frequency Energy Ratio,-0.013520103863282134,-0.01878942354300478,-0.008420168585990357,1.0
Normalized Variance,Roberts Focus Measure,0.021432064048235687,0.0175236260622944,0.02543462777017104,0.0
Normalized Variance,Wavelet W1,0.003666851639071899,0.0011722070929748897,0.0062650100563384145,0.0
Normalized Variance,Wavelet W2,0.0028256654911269622,0.00033134713411904563,0.005425360748375918,0.009
Normalized Variance,Wavelet W3,0.0032849849925792535,0.0007945154405289278,0.005883963570992999,0.004
Normalized Variance,Wavelet Detail Energy (db1),0.0034844064002647157,0.0009900174668294695,0.0060838969495444935,0.002
Normalized Variance,Curvelet Transform Sharpness Index,0.0035083953446543507,0.001014104255326858,0.006107002550214782,0.001
Normalized Variance,DCT Focus Measure,0.023081414441279684,0.019038607897794924,0.02746514363763196,0.0
Normalized Variance,Intensity Skewness Index,-0.12302226010477499,-0.1280406947061876,-0.11437893056258304,1.0
Normalized Variance,Squared Gradient,0.10969342115671361,0.10691085919030767,0.11231098849442726,0.0
Normalized Variance,Gradient Squared Energy,0.10966117357472668,0.10687301429934785,0.11228154108034571,0.0
Normalized Variance,Mean Intensity,-0.10338222315279362,-0.1092263496667762,-0.09476352904916995,1.0
Normalized Variance,Intensity Variance,-0.0038944554064617495,-0.005708818749551469,-0.0019313879027866483,1.0
Normalized Variance,Intensity Range Index,-0.019023423905974918,-0.025889358446792316,-0.013137526122985167,1.0
Normalized Variance,Maximal Intensity,-0.1259518807758461,-0.13145070133596126,-0.1206182491286785,1.0
Normalized Variance,Laplacian Energy,-0.08566356232627954,-0.09337557225750638,-0.07808638195161997,1.0
Normalized Variance,Mean Absolute Laplacian,-0.08944534228008336,-0.09853343252835357,-0.08094292770250085,1.0
Normalized Variance,Spatial Frequency,0.016342520613187497,0.012542689678969684,0.020323833115689964,0.0
Normalized Variance,Modified Tenengrad,0.09518093361008424,0.09251225375430287,0.09772009780379934,0.0
Normalized Variance,Absolute Central Moment 2,-0.0042271335389036085,-0.006042675467893046,-0.0022636485571103605,1.0
Normalized Variance,Absolute Central Moment 4,0.0007706615496241584,-0.0024714847460858996,0.003527930439101518,0.294
Normalized Variance,Image Power,-0.08474462991116787,-0.09004086317664393,-0.07650726306389243,1.0
Energy of Gradient,Histogram Entropy,-0.1887921549051296,-0.194445894615707,-0.18288811935098212,1.0
Energy of Gradient,GLCM Contrast,-0.2598145302260712,-0.2649743536398972,-0.25338672763537673,1.0
Energy of Gradient,Variance of Gradient,0.004637912964576833,0.0040256715893477865,0.005336783975266803,0.0
Energy of Gradient,Fourier Transform Sharpness Index,-0.0255128033095309,-0.026623179295619345,-0.02396457395244745,1.0
Energy of Gradient,Fourier High Frequency Energy Ratio,-0.12321295958812363,-0.12835116175862768,-0.1181042413470439,1.0
Energy of Gradient,Roberts Focus Measure,-0.08826079167660579,-0.09226149405667025,-0.08439147240703605,1.0
Energy of Gradient,Wavelet W1,-0.10602600408576958,-0.10848330927824512,-0.103390629364178,1.0
Energy of Gradient,Wavelet W2,-0.10686719023371452,-0.10932534351303154,-0.10423076257032853,1.0
Energy of Gradient,Wavelet W3,-0.10640787073226224,-0.1088591749970501,-0.10377523727859393,1.0
Energy of Gradient,Wavelet Detail Energy (db1),-0.10620844932457678,-0.10866669956647153,-0.10357202214925021,1.0
Energy of Gradient,Curvelet Transform Sharpness Index,-0.10618446038018715,-0.10864170871787425,-0.1035489115485355,1.0
Energy of Gradient,DCT Focus Measure,-0.08661144128356178,-0.09033770192012464,-0.08297429999522793,1.0
Energy of Gradient,Intensity Skewness Index,-0.2327151158296165,-0.23702859717920727,-0.22377444051024578,1.0
Energy of Gradient,Squared Gradient,5.65431872121186e-07,-3.260292656486266e-06,5.364384913675995e-06,0.424
Energy of Gradient,Gradient Squared Energy,-3.168215011480077e-05,-3.359525727511907e-05,-2.9994771371712193e-05,1.0
Energy of Gradient,Mean Intensity,-0.21307507887763508,-0.21842091369341465,-0.2048432952480673,1.0
Energy of Gradient,Intensity Variance,-0.11358731113130324,-0.11589968923862826,-0.11113954581054493,1.0
Energy of Gradient,Intensity Range Index,-0.12871627963081642,-0.1351726921175818,-0.12351570817158554,1.0
Energy of Gradient,Maximal Intensity,-0.2356447365006876,-0.24032769920753627,-0.23073500271337474,1.0
Energy of Gradient,Laplacian Energy,-0.19535641805112103,-0.2036807758065888,-0.18771189144959116,1.0
Energy of Gradient,Mean Absolute Laplacian,-0.19913819800492485,-0.20836713550388028,-0.190324925681524,1.0
Energy of Gradient,Spatial Frequency,-0.09335033511165398,-0.0970060114030376,-0.08937832333710678,1.0
Energy of Gradient,Modified Tenengrad,-0.01451192211475725,-0.014806626477377747,-0.014244833373908451,1.0
Energy of Gradient,Absolute Central Moment 2,-0.1139199892637451,-0.11623193281805427,-0.11147106435835201,1.0
Energy of Gradient,Absolute Central Moment 4,-0.10892219417521733,-0.1121156035300455,-0.10589103741209269,1.0
Energy of Gradient,Image Power,-0.19443748563600935,-0.19948363265249386,-0.1862117170742069,1.0
Histogram Entropy,GLCM Contrast,-0.07102237532094162,-0.07863376040761642,-0.062114555147635676,1.0
Histogram Entropy,Variance of Gradient,0.19343006786970643,0.18756803298791552,0.19896574868945585,0.0
Histogram Entropy,Fourier Transform Sharpness Index,0.1632793515955987,0.1573941070229515,0.16884150246615393,0.0
Histogram Entropy,Fourier High Frequency Energy Ratio,0.06557919531700598,0.05764830767129279,0.07328624085695544,0.0
Histogram Entropy,Roberts Focus Measure,0.1005313632285238,0.0934786016398118,0.1073894088929569,0.0
Histogram Entropy,Wavelet W1,0.08276615081936001,0.07653653557550959,0.08832361880514483,0.0
Histogram Entropy,Wavelet W2,0.08192496467141507,0.07569492930132442,0.08748099900379709,0.0
Histogram Entropy,Wavelet W3,0.08238428417286735,0.0761574411770585,0.0879355794624889,0.0
Histogram Entropy,Wavelet Detail Energy (db1),0.08258370558055284,0.0763537383510509,0.0881401169117941,0.0
Histogram Entropy,Curvelet Transform Sharpness Index,0.08260769452494246,0.07637817128230279,0.08816449982061042,0.0
Histogram Entropy,DCT Focus Measure,0.1021807136215678,0.09501903986646976,0.10902462503468995,0.0
Histogram Entropy,Intensity Skewness Index,-0.04392296092448687,-0.05251507772971844,-0.033649436695986204,1.0
Histogram Entropy,Squared Gradient,0.1887927203370017,0.18288850268592807,0.19444415326477976,0.0
Histogram Entropy,Gradient Squared Energy,0.1887604727550148,0.18285586363452555,0.1944157079116271,0.0
Histogram Entropy,Mean Intensity,-0.024282923972505494,-0.03186461265547839,-0.015181148135862476,1.0
Histogram Entropy,Intensity Variance,0.07520484377382636,0.0689002031835265,0.080763489827954,0.0
Histogram Entropy,Intensity Range Index,0.06007587527431319,0.05177882297294584,0.06797451402010032,0.0
Histogram Entropy,Maximal Intensity,-0.04685258159555801,-0.05524640957647546,-0.03860271428319067,1.0
Histogram Entropy,Laplacian Energy,-0.006564263145991429,-0.01602329110161211,0.0019909194876427867,0.923
Histogram Entropy,Mean Absolute Laplacian,-0.010346043099795246,-0.020486505835532486,-0.0005731793571989159,0.981
Histogram Entropy,Spatial Frequency,0.0954418197934756,0.08865422677826135,0.10203696401004195,0.0
Histogram Entropy,Modified Tenengrad,0.17428023279037236,0.16836292917278636,0.17996365426205982,0.0
Histogram Entropy,Absolute Central Moment 2,0.07487216564138452,0.06856608834343292,0.08043169201670872,0.0
Histogram Entropy,Absolute Central Moment 4,0.07986996072991226,0.07266546169719938,0.08587151276018963,0.0
Histogram Entropy,Image Power,-0.005645330730879756,-0.0140139248882075,0.003712125734955686,0.884
GLCM Contrast,Variance of Gradient,0.2644524431906481,0.2579353796830149,0.26937930322269044,0.0
GLCM Contrast,Fourier Transform Sharpness Index,0.23430172691654033,0.22770495725607962,0.23917532549755519,0.0
GLCM Contrast,Fourier High Frequency Energy Ratio,0.1366015706379476,0.1289826412414696,0.14324744516204962,0.0
GLCM Contrast,Roberts Focus Measure,0.17155373854946543,0.1637369738537313,0.17774742477144462,0.0
GLCM Contrast,Wavelet W1,0.15378852614030167,0.14728472878369891,0.15867939620545088,0.0
GLCM Contrast,Wavelet W2,0.15294733999235668,0.14644423904798173,0.15783726553140004,0.0
GLCM Contrast,Wavelet W3,0.153406659493809,0.14690171843879565,0.15829220219794352,0.0
GLCM Contrast,Wavelet Detail Energy (db1),0.15360608090149444,0.147102967004385,0.1584963650380333,0.0
GLCM Contrast,Curvelet Transform Sharpness Index,0.1536300698458841,0.1471264229807853,0.15852049154038086,0.0
GLCM Contrast,DCT Focus Measure,0.17320308894250944,0.16547410765323747,0.17948380485699558,0.0
GLCM Contrast,Intensity Skewness Index,0.027099414396454746,0.018287460122053664,0.037873773682118986,0.0
GLCM Contrast,Squared Gradient,0.25981509565794336,0.25338590771282393,0.26497770485659744,0.0
GLCM Contrast,Gradient Squared Energy,0.2597828480759564,0.25335560742689806,0.2649420925904678,0.0
GLCM Contrast,Mean Intensity,0.046739451348436135,0.037870873310290216,0.05571584342260183,0.0
GLCM Contrast,Intensity Variance,0.14622721909476796,0.13942596900849147,0.15130070666506876,0.0
GLCM Contrast,Intensity Range Index,0.1310982505952548,0.12177103958773895,0.138782886057153,0.0
GLCM Contrast,Maximal Intensity,0.024169793725383613,0.016349700303288535,0.0309014977532016,0.0
GLCM Contrast,Laplacian Energy,0.0644581121749502,0.05415709585068181,0.07392100850002935,0.0
GLCM Contrast,Mean Absolute Laplacian,0.06067633222114637,0.04929322470073298,0.07114601475102411,0.0
GLCM Contrast,Spatial Frequency,0.16646419511441723,0.15924018590846123,0.17269548213281258,0.0
GLCM Contrast,Modified Tenengrad,0.245302608111314,0.23891536943679778,0.25038909413228133,0.0
GLCM Contrast,Absolute Central Moment 2,0.14589454096232612,0.13909426066627753,0.15096721325144766,0.0
GLCM Contrast,Absolute Central Moment 4,0.1508923360508539,0.14413502739221024,0.15599386726983622,0.0
GLCM Contrast,Image Power,0.06537704459006187,0.05672896391979388,0.07443231276292744,0.0
Variance of Gradient,Fourier Transform Sharpness Index,-0.030150716274107734,-0.031235509513758808,-0.02906743172492983,1.0
Variance of Gradient,Fourier High Frequency Energy Ratio,-0.12785087255270047,-0.1327472970595451,-0.1228256480869822,1.0
Variance of Gradient,Roberts Focus Measure,-0.09289870464118263,-0.09673794043678208,-0.08923178063597084,1.0
Variance of Gradient,Wavelet W1,-0.11066391705034641,-0.1128165744675316,-0.10852033621307032,1.0
Variance of Gradient,Wavelet W2,-0.11150510319829135,-0.11365914305147048,-0.10936058985577943,1.0
Variance of Gradient,Wavelet W3,-0.11104578369683907,-0.11320053618659384,-0.10889972649311554,1.0
Variance of Gradient,Wavelet Detail Energy (db1),-0.1108463622891536,-0.11300024156279186,-0.1087019672001772,1.0
Variance of Gradient,Curvelet Transform Sharpness Index,-0.11082237334476397,-0.11297554502712859,-0.10867838209472504,1.0
Variance of Gradient,DCT Focus Measure,-0.09124935424813864,-0.09490938741930767,-0.08766192008740814,1.0
Variance of Gradient,Intensity Skewness Index,-0.23735302879419332,-0.24134048893469137,-0.2285955772066635,1.0
Variance of Gradient,Squared Gradient,-0.004637347532704712,-0.005330542459804218,-0.004028935630085084,1.0
Variance of Gradient,Gradient Squared Energy,-0.004669595114691633,-0.005370044395925569,-0.004055832603312104,1.0
Variance of Gradient,Mean Intensity,-0.21771299184221193,-0.22299912115891724,-0.2092775662676133,1.0
Variance of Gradient,Intensity Variance,-0.11822522409588007,-0.12031665804509925,-0.11610966927628637,1.0
Variance of Gradient,Intensity Range Index,-0.13335419259539324,-0.13998528426963963,-0.1281858755474541,1.0
Variance of Gradient,Maximal Intensity,-0.24028264946526445,-0.24518871380434398,-0.2354323396918486,1.0
Variance of Gradient,Laplacian Energy,-0.19999433101569786,-0.20799600160285794,-0.19280491633722674,1.0
Variance of Gradient,Mean Absolute Laplacian,-0.20377611096950168,-0.21297499397060304,-0.19503010303276594,1.0
Variance of Gradient,Spatial Frequency,-0.09798824807623083,-0.10143163738500219,-0.09432375205598804,1.0
Variance of Gradient,Modified Tenengrad,-0.019149835079334085,-0.01966213726376093,-0.018670012648228797,1.0
Variance of Gradient,Absolute Central Moment 2,-0.11855790222832192,-0.12065113670678057,-0.11644207649390549,1.0
Variance of Gradient,Absolute Central Moment 4,-0.11356010713979416,-0.11669505222141115,-0.11077927959498692,1.0
Variance of Gradient,Image Power,-0.1990753986005862,-0.20414747242581255,-0.1909587583308034,1.0
Fourier Transform Sharpness Index,Fourier High Frequency Energy Ratio,-0.09770015627859271,-0.10276317485022197,-0.09245380154156345,1.0
Fourier Transform Sharpness Index,Roberts Focus Measure,-0.0627479883670749,-0.06665751278516653,-0.058903077733489004,1.0
Fourier Transform Sharpness Index,Wavelet W1,-0.08051320077623868,-0.08267500873551036,-0.07836242012167975,1.0
Fourier Transform Sharpness Index,Wavelet W2,-0.08135438692418363,-0.08351755690701723,-0.07920237610050891,1.0
Fourier Transform Sharpness Index,Wavelet W3,-0.08089506742273132,-0.08305477808882723,-0.0787406023422259,1.0
Fourier Transform Sharpness Index,Wavelet Detail Energy (db1),-0.08069564601504586,-0.08285877150090092,-0.07854384131132301,1.0
Fourier Transform Sharpness Index,Curvelet Transform Sharpness Index,-0.08067165707065624,-0.08283395303315066,-0.07852033224037326,1.0
Fourier Transform Sharpness Index,DCT Focus Measure,-0.0610986379740309,-0.06481707663354165,-0.05716813576630501,1.0
Fourier Transform Sharpness Index,Intensity Skewness Index,-0.20720231252008556,-0.21121056619895037,-0.19848407594438544,1.0
Fourier Transform Sharpness Index,Squared Gradient,0.02551336874140302,0.023969503157895387,0.02662472852761768,0.0
Fourier Transform Sharpness Index,Gradient Squared Energy,0.025481121159416097,0.02393183325326806,0.026592871336551794,0.0
Fourier Transform Sharpness Index,Mean Intensity,-0.18756227556810418,-0.19272298309965247,-0.17919253575916239,1.0
Fourier Transform Sharpness Index,Intensity Variance,-0.08807450782177233,-0.09028169897690227,-0.08588874276839831,1.0
Fourier Transform Sharpness Index,Intensity Range Index,-0.1032034763212855,-0.10966906670971419,-0.09796337430385806,1.0
Fourier Transform Sharpness Index,Maximal Intensity,-0.2101319331911567,-0.2148980315565654,-0.20543176133432103,1.0
Fourier Transform Sharpness Index,Laplacian Energy,-0.1698436147415901,-0.17788178273993618,-0.16229904861004166,1.0
Fourier Transform Sharpness Index,Mean Absolute Laplacian,-0.17362539469539393,-0.18301954368611653,-0.16497718411916906,1.0
Fourier Transform Sharpness Index,Spatial Frequency,-0.0678375318021231,-0.07141870442688393,-0.06411499232483926,1.0
Fourier Transform Sharpness Index,Modified Tenengrad,0.011000881194773651,0.009547232778708016,0.012095448241342106,0.0
Fourier Transform Sharpness Index,Absolute Central Moment 2,-0.08840718595421419,-0.09061428287299356,-0.08622003943801436,1.0
Fourier Transform Sharpness Index,Absolute Central Moment 4,-0.08340939086568644,-0.08663697131343773,-0.08076432368244603,1.0
Fourier Transform Sharpness Index,Image Power,-0.16892468232647842,-0.17397916384776244,-0.16050271962200138,1.0
Fourier High Frequency Energy Ratio,Roberts Focus Measure,0.03495216791151782,0.029217829990590145,0.040620421972373325,0.0
Fourier High Frequency Energy Ratio,Wavelet W1,0.01718695550235403,0.012475709948988953,0.02219414438799008,0.0
Fourier High Frequency Energy Ratio,Wavelet W2,0.0163457693544091,0.011634785648023102,0.02135582273237583,0.0
Fourier High Frequency Energy Ratio,Wavelet W3,0.01680508885586139,0.012094317153801127,0.02181641190770918,0.0
Fourier High Frequency Energy Ratio,Wavelet Detail Energy (db1),0.017004510263546848,0.012293568793036086,0.02201404040211263,0.0
Fourier High Frequency Energy Ratio,Curvelet Transform Sharpness Index,0.017028499207936486,0.012317403841156132,0.022036614679787635,0.0
Fourier High Frequency Energy Ratio,DCT Focus Measure,0.03660151830456182,0.030663339620355945,0.042202831134370726,0.0
Fourier High Frequency Energy Ratio,Intensity Skewness Index,-0.10950215624149286,-0.11614606442213285,-0.10038942863314015,1.0
Fourier High Frequency Energy Ratio,Squared Gradient,0.12321352501999575,0.11810494715729584,0.12835120486028115,0.0
Fourier High Frequency Energy Ratio,Gradient Squared Energy,0.12318127743800882,0.11807186423241214,0.12831961364122454,0.0
Fourier High Frequency Energy Ratio,Mean Intensity,-0.08986211928951147,-0.09770812451382313,-0.0792216357860127,1.0
Fourier High Frequency Energy Ratio,Intensity Variance,0.009625648456820386,0.004500516182112294,0.014989778332694475,0.0
Fourier High Frequency Energy Ratio,Intensity Range Index,-0.005503320042692784,-0.013331551710193693,0.0016325142289934783,0.92
Fourier High Frequency Energy Ratio,Maximal Intensity,-0.11243177691256398,-0.11992124828480763,-0.10524945069246407,1.0
Fourier High Frequency Energy Ratio,Laplacian Energy,-0.07214345846299741,-0.0806810496506917,-0.06436877290522265,1.0
Fourier High Frequency Energy Ratio,Mean Absolute Laplacian,-0.07592523841680122,-0.08564987335017182,-0.06728391132154579,1.0
Fourier High Frequency Energy Ratio,Spatial Frequency,0.029862624476469625,0.02444648303954123,0.03552515084477653,0.0
Fourier High Frequency Energy Ratio,Modified Tenengrad,0.10870103747336637,0.10364680505386867,0.11368044681994194,0.0
Fourier High Frequency Energy Ratio,Absolute Central Moment 2,0.009292970324378527,0.004168818391820554,0.014657273564461842,0.0
Fourier High Frequency Energy Ratio,Absolute Central Moment 4,0.014290765412906293,0.008945311529991215,0.019643019660880185,0.0
Fourier High Frequency Energy Ratio,Image Power,-0.07122452604788573,-0.07864901822683884,-0.06117913363407704,1.0
Roberts Focus Measure,Wavelet W1,-0.01776521240916379,-0.021560784913491608,-0.01416733298301923,1.0
Roberts Focus Measure,Wavelet W2,-0.018606398557108727,-0.022401160271687107,-0.015008468685901995,1.0
Roberts Focus Measure,Wavelet W3,-0.018147079055656434,-0.02194440774425949,-0.014544789750889114,1.0
Roberts Focus Measure,Wavelet Detail Energy (db1),-0.01794765764797097,-0.02174233062425166,-0.014349847103375998,1.0
Roberts Focus Measure,Curvelet Transform Sharpness Index,-0.017923668703581336,-0.02171901958635743,-0.014325551152701468,1.0
Roberts Focus Measure,DCT Focus Measure,0.001649350393043996,-0.0008761473751439271,0.004288433163329596,0.104
Roberts Focus Measure,Intensity Skewness Index,-0.14445432415301068,-0.15062228340268002,-0.1352443903319621,1.0
Roberts Focus Measure,Squared Gradient,0.08826135710847792,0.0843934970433489,0.09225996984332009,0.0
Roberts Focus Measure,Gradient Squared Energy,0.088229109526491,0.08435907584250524,0.09223080863370738,0.0
Roberts Focus Measure,Mean Intensity,-0.12481428720102929,-0.13150808064797215,-0.11649654222943609,1.0
Roberts Focus Measure,Intensity Variance,-0.025326519454697435,-0.0289675746999047,-0.021481460261957967,1.0
Roberts Focus Measure,Intensity Range Index,-0.040455487954210605,-0.04780085549985974,-0.03396692488637164,1.0
Roberts Focus Measure,Maximal Intensity,-0.14738394482408182,-0.15364479681940163,-0.1416368653860961,1.0
Roberts Focus Measure,Laplacian Energy,-0.10709562637451522,-0.1155024665342515,-0.09942351085203008,1.0
Roberts Focus Measure,Mean Absolute Laplacian,-0.11087740632831904,-0.12053243671902508,-0.10148219240868692,1.0
Roberts Focus Measure,Spatial Frequency,-0.005089543435048194,-0.00750704765627441,-0.002806426185180262,1.0
Roberts Focus Measure,Modified Tenengrad,0.07374886956184853,0.06997571243230842,0.07769071167941101,0.0
Roberts Focus Measure,Absolute Central Moment 2,-0.025659197587139297,-0.02929977837898757,-0.021814369624598026,1.0
Roberts Focus Measure,Absolute Central Moment 4,-0.02066140249861153,-0.025117490718672694,-0.01646748003538006,1.0
Roberts Focus Measure,Image Power,-0.10617669395940356,-0.11156860420735222,-0.09784125879373216,1.0
Wavelet W1,Wavelet W2,-0.000841186147944937,-0.0008438827122453335,-0.0008387750653927863,1.0
Wavelet W1,Wavelet W3,-0.00038186664649264557,-0.0003895580652720831,-0.000372960174854068,1.0
Wavelet W1,Wavelet Detail Energy (db1),-0.0001824452388071837,-0.00018466383416127565,-0.00018048375045806377,1.0
Wavelet W1,Curvelet Transform Sharpness Index,-0.0001584562944175483,-0.00015948436361793854,-0.00015749924114481992,1.0
Wavelet W1,DCT Focus Measure,0.019414562802207786,0.015341704283340755,0.02336825618307463,0.0
Wavelet W1,Intensity Skewness Index,-0.1266891117438469,-0.13142326062000984,-0.11777784961759225,1.0
Wavelet W1,Squared Gradient,0.10602656951764171,0.10339487025335446,0.10848303235001583,0.0
Wavelet W1,Gradient Squared Energy,0.10599432193565478,0.10335714472255256,0.10845256442152874,0.0
Wavelet W1,Mean Intensity,-0.10704907479186551,-0.11275581521490585,-0.09858094566026761,1.0
Wavelet W1,Intensity Variance,-0.007561307045533648,-0.009775396658489687,-0.005612649771101782,1.0
Wavelet W1,Intensity Range Index,-0.022690275545046816,-0.02963925550540924,-0.016809164081163216,1.0
Wavelet W1,Maximal Intensity,-0.129618732414918,-0.13502092743005475,-0.12480796704807667,1.0
Wavelet W1,Laplacian Energy,-0.08933041396535144,-0.09771050983081331,-0.0818575889655335,1.0
Wavelet W1,Mean Absolute Laplacian,-0.09311219391915526,-0.1021693138464286,-0.08438203067558787,1.0
Wavelet W1,Spatial Frequency,0.012675668974115595,0.009294179544061216,0.01595900721493895,0.0
Wavelet W1,Modified Tenengrad,0.09151408197101234,0.08904232520369164,0.09391052892378872,0.0
Wavelet W1,Absolute Central Moment 2,-0.007893985177975507,-0.01010862005867825,-0.0059441193007394935,1.0
Wavelet W1,Absolute Central Moment 4,-0.0028961900894477408,-0.006156460654727516,5.024690340631457e-05,0.973
Wavelet W1,Image Power,-0.08841148155023976,-0.09364412820881021,-0.08013823582177716,1.0
Wavelet W2,Wavelet W3,0.0004593195014522914,0.0004530239515514567,0.000466835840214843,0.0
Wavelet W2,Wavelet Detail Energy (db1),0.0006587409091377531,0.0006581829300776728,0.0006592204232284057,0.0
Wavelet W2,Curvelet Transform Sharpness Index,0.0006827298535273886,0.0006812229460351315,0.0006844364853831476,0.0
Wavelet W2,DCT Focus Measure,0.02025574895015272,0.01618126443636653,0.024210105439115392,0.0
Wavelet W2,Intensity Skewness Index,-0.12584792559590194,-0.1305834385243326,-0.11693814591313548,1.0
Wavelet W2,Squared Gradient,0.10686775566558664,0.10423525305051778,0.1093250763877919,0.0
Wavelet W2,Gradient Squared Energy,0.10683550808359972,0.10419727792870308,0.10929459865631516,0.0
Wavelet W2,Mean Intensity,-0.10620788864392057,-0.11191628439972036,-0.0977394534406039,1.0
Wavelet W2,Intensity Variance,-0.006720120897588712,-0.008933395235954218,-0.004772219701722047,1.0
Wavelet W2,Intensity Range Index,-0.02184908939710188,-0.028796894890279024,-0.015966351271044264,1.0
Wavelet W2,Maximal Intensity,-0.12877754626697308,-0.13417953269988248,-0.12396449322407362,1.0
Wavelet W2,Laplacian Energy,-0.08848922781740652,-0.0968700170491988,-0.08101692077263294,1.0
Wavelet W2,Mean Absolute Laplacian,-0.09227100777121032,-0.1013277140555613,-0.08354250049805331,1.0
Wavelet W2,Spatial Frequency,0.01351685512206053,0.010134635372606882,0.016802361562449988,0.0
Wavelet W2,Modified Tenengrad,0.09235526811895726,0.08988270044195895,0.09475298507685333,0.0
Wavelet W2,Absolute Central Moment 2,-0.00705279903003057,-0.00926661863614278,-0.005103689231359758,1.0
Wavelet W2,Absolute Central Moment 4,-0.002055003941502804,-0.005315898378785271,0.0008938556645683256,0.913
Wavelet W2,Image Power,-0.08757029540229483,-0.0928030760973764,-0.07929636308365878,1.0
Wavelet W3,Wavelet Detail Energy (db1),0.00019942140768546183,0.0001915431027601451,0.0002060293489125481,0.0
Wavelet W3,Curvelet Transform Sharpness Index,0.00022341035207509724,0.00021528838691882226,0.00023032719121292565,0.0
Wavelet W3,DCT Focus Measure,0.01979642944870043,0.01571905179728885,0.023745579848365072,0.0
Wavelet W3,Intensity Skewness Index,-0.12630724509735425,-0.13104955447327565,-0.11740134974039204,1.0
Wavelet W3,Squared Gradient,0.10640843616413435,0.10378034117214442,0.10885893692206561,0.0
Wavelet W3,Gradient Squared Energy,0.10637618858214742,0.1037417526369685,0.10882843014033372,0.0
Wavelet W3,Mean Intensity,-0.10666720814537285,-0.11237415977904043,-0.09819917263830998,1.0
Wavelet W3,Intensity Variance,-0.007179440399041002,-0.009394656621126549,-0.005231686139449382,1.0
Wavelet W3,Intensity Range Index,-0.022308408898554177,-0.029253462656452425,-0.016427969719735487,1.0
Wavelet W3,Maximal Intensity,-0.12923686576842539,-0.13463333339362196,-0.12442455614339229,1.0
Wavelet W3,Laplacian Energy,-0.0889485473188588,-0.09733308582490784,-0.08147522688786954,1.0
Wavelet W3,Mean Absolute Laplacian,-0.0927303272726626,-0.10178963789706165,-0.08400237210013957,1.0
Wavelet W3,Spatial Frequency,0.01305753562060824,0.009675006897866684,0.0163424180243325,0.0
Wavelet W3,Modified Tenengrad,0.09189594861750497,0.08942607225537147,0.09429037759591449,0.0
Wavelet W3,Absolute Central Moment 2,-0.007512118531482861,-0.00972788002131511,-0.005563155669087092,1.0
Wavelet W3,Absolute Central Moment 4,-0.0025143234429550955,-0.005773401743246983,0.00042966206995922795,0.959
Wavelet W3,Image Power,-0.08802961490374712,-0.09325778202545922,-0.07975298693634494,1.0
Wavelet Detail Energy (db1),Curvelet Transform Sharpness Index,2.398894438963542e-05,2.2829955385200024e-05,2.5307794564414372e-05,0.0
Wavelet Detail Energy (db1),DCT Focus Measure,0.019597008041014965,0.015522864152522553,0.023551377895376514,0.0
Wavelet Detail Energy (db1),Intensity Skewness Index,-0.1265066665050397,-0.1312417848673924,-0.11759656196313883,1.0
Wavelet Detail Energy (db1),Squared Gradient,0.10620901475644888,0.10357635140749098,0.1086664229848723,0.0
Wavelet Detail Energy (db1),Gradient Squared Energy,0.10617676717446196,0.10353853750762478,0.10863595470975514,0.0
Wavelet Detail Energy (db1),Mean Intensity,-0.10686662955305831,-0.11257483202455623,-0.0983982196370435,1.0
Wavelet Detail Energy (db1),Intensity Variance,-0.007378861806726464,-0.009592088182445363,-0.005430777784005535,1.0
Wavelet Detail Energy (db1),Intensity Range Index,-0.022507830306239634,-0.029455958429527772,-0.016625239139251805,1.0
Wavelet Detail Energy (db1),Maximal Intensity,-0.12943628717611083,-0.1348385378121032,-0.12462349533219819,1.0
Wavelet Detail Energy (db1),Laplacian Energy,-0.08914796872654426,-0.0975284628324003,-0.08167556884828389,1.0
Wavelet Detail Energy (db1),Mean Absolute Laplacian,-0.09292974868034808,-0.10198635153267425,-0.08420099869589003,1.0
Wavelet Detail Energy (db1),Spatial Frequency,0.012858114212922779,0.009475872590757533,0.016143338625041862,0.0
Wavelet Detail Energy (db1),Modified Tenengrad,0.09169652720981952,0.08922386401475707,0.09409417616477435,0.0
Wavelet Detail Energy (db1),Absolute Central Moment 2,-0.007711539939168324,-0.009925311582633925,-0.005762247313643246,1.0
Wavelet Detail Energy (db1),Absolute Central Moment 4,-0.0027137448506405573,-0.00597452180579506,0.00023470421711036936,0.967
Wavelet Detail Energy (db1),Image Power,-0.0882290363114326,-0.09346187115402928,-0.07995530047831245,1.0
Curvelet Transform Sharpness Index,DCT Focus Measure,0.019573019096625333,0.015499519727530347,0.023526635744536784,0.0
Curvelet Transform Sharpness Index,Intensity Skewness Index,-0.12653065544942932,-0.1312655718621404,-0.11762005298002666,1.0
Curvelet Transform Sharpness Index,Squared Gradient,0.10618502581205926,0.10355321867121615,0.1086414440484989,0.0
Curvelet Transform Sharpness Index,Gradient Squared Energy,0.10615277823007233,0.10351542690691007,0.10861096386115787,0.0
Curvelet Transform Sharpness Index,Mean Intensity,-0.10689061849744796,-0.11259781410508843,-0.09842240460599892,1.0
Curvelet Transform Sharpness Index,Intensity Variance,-0.0074028507511161,-0.00961670170875079,-0.005454388522832244,1.0
Curvelet Transform Sharpness Index,Intensity Range Index,-0.02253181925062927,-0.02948034311553735,-0.016650294940967713,1.0
Curvelet Transform Sharpness Index,Maximal Intensity,-0.12946027612050046,-0.13486218432130517,-0.12464879942168047,1.0
Curvelet Transform Sharpness Index,Laplacian Energy,-0.08917195767093389,-0.09755239506401944,-0.08169920906976043,1.0
Curvelet Transform Sharpness Index,Mean Absolute Laplacian,-0.0929537376247377,-0.10201079156282344,-0.08422413358668665,1.0
Curvelet Transform Sharpness Index,Spatial Frequency,0.012834125268533142,0.00945228991703375,0.016118101182852573,0.0
Curvelet Transform Sharpness Index,Modified Tenengrad,0.09167253826542988,0.08920056368467062,0.0940692369732759,0.0
Curvelet Transform Sharpness Index,Absolute Central Moment 2,-0.007735528883557959,-0.009949925108939352,-0.005785858052469954,1.0
Curvelet Transform Sharpness Index,Absolute Central Moment 4,-0.0027377337950301923,-0.005998053689475474,0.0002094420138001602,0.967
Curvelet Transform Sharpness Index,Image Power,-0.08825302525582222,-0.09348544234011578,-0.07997944103572024,1.0
DCT Focus Measure,Intensity Skewness Index,-0.14610367454605466,-0.1522793280757162,-0.13639164014122565,1.0
DCT Focus Measure,Squared Gradient,0.08661200671543393,0.08297870314636592,0.09033563174653686,0.0
DCT Focus Measure,Gradient Squared Energy,0.086579759133447,0.08294108613147243,0.09030662772918321,0.0
DCT Focus Measure,Mean Intensity,-0.12646363759407328,-0.13324490269260397,-0.11749005538535442,1.0
DCT Focus Measure,Intensity Variance,-0.026975869847741436,-0.030962392483274807,-0.022996407859601522,1.0
DCT Focus Measure,Intensity Range Index,-0.0421048383472546,-0.04952243558998399,-0.03579431051444861,1.0
DCT Focus Measure,Maximal Intensity,-0.1490332952171258,-0.1550600782628246,-0.14293669693106462,1.0
DCT Focus Measure,Laplacian Energy,-0.10874497676755922,-0.1170362311820275,-0.10138150840238247,1.0
DCT Focus Measure,Mean Absolute Laplacian,-0.11252675672136304,-0.12180177742546988,-0.1030316533199945,1.0
DCT Focus Measure,Spatial Frequency,-0.00673889382809219,-0.009951997436451095,-0.003356428184775439,1.0
DCT Focus Measure,Modified Tenengrad,0.07209951916880455,0.0684501894752528,0.07578968876240538,0.0
DCT Focus Measure,Absolute Central Moment 2,-0.02730854798018329,-0.03129532713473603,-0.02332949452308028,1.0
DCT Focus Measure,Absolute Central Moment 4,-0.022310752891655527,-0.026716617243888765,-0.01793642135055568,1.0
DCT Focus Measure,Image Power,-0.10782604435244755,-0.11323385862963405,-0.09900088325189636,1.0
Intensity Skewness Index,Squared Gradient,0.23271568126148862,0.2237771088543818,0.23702512932832634,0.0
Intensity Skewness Index,Gradient Squared Energy,0.23268343367950167,0.22374193209053658,0.23699805708520322,0.0
Intensity Skewness Index,Mean Intensity,0.019640036951981386,0.00826584124869216,0.030763855139884368,0.0
Intensity Skewness Index,Intensity Variance,0.11912780469831324,0.11018402444229089,0.12393754149626846,0.0
Intensity Skewness Index,Intensity Range Index,0.10399883619880006,0.09347392435571808,0.11197256017264946,0.0
Intensity Skewness Index,Maximal Intensity,-0.002929620671071131,-0.012784931357984005,0.0045251937533742305,0.697
Intensity Skewness Index,Laplacian Energy,0.03735869777849544,0.026824596325815995,0.04659526078351269,0.0
Intensity Skewness Index,Mean Absolute Laplacian,0.03357691782469163,0.022897479009665246,0.04392770515639653,0.0
Intensity Skewness Index,Spatial Frequency,0.1393647807179625,0.13016210328311822,0.14535800499983714,0.0
Intensity Skewness Index,Modified Tenengrad,0.21820319371485922,0.20938790391672824,0.2224366114438194,0.0
Intensity Skewness Index,Absolute Central Moment 2,0.11879512656587138,0.10985132018931724,0.12360560480228866,0.0
Intensity Skewness Index,Absolute Central Moment 4,0.12379292165439913,0.1144224969100109,0.12928218318596532,0.0
Intensity Skewness Index,Image Power,0.038277630193607116,0.02707329847811703,0.04923548848521465,0.0
Squared Gradient,Gradient Squared Energy,-3.224758198692196e-05,-3.876969059872296e-05,-2.6948699365747508e-05,1.0
Squared Gradient,Mean Intensity,-0.2130756443095072,-0.21842236801143183,-0.2048504838781606,1.0
Squared Gradient,Intensity Variance,-0.11358787656317537,-0.11589793377606644,-0.11114311119438469,1.0
Squared Gradient,Intensity Range Index,-0.12871684506268852,-0.13517476093475167,-0.1235154285257678,1.0
Squared Gradient,Maximal Intensity,-0.23564530193255973,-0.24032974372229632,-0.23073670041361682,1.0
Squared Gradient,Laplacian Energy,-0.19535698348299316,-0.2036810709290226,-0.1877108309536121,1.0
Squared Gradient,Mean Absolute Laplacian,-0.19913876343679696,-0.20836652731757607,-0.19032732550435286,1.0
Squared Gradient,Spatial Frequency,-0.09335090054352611,-0.0970049662651859,-0.08938020550741697,1.0
Squared Gradient,Modified Tenengrad,-0.014512487546629373,-0.014804104142635185,-0.014248267251481804,1.0
Squared Gradient,Absolute Central Moment 2,-0.11392055469561721,-0.11623018503773092,-0.11147462974219177,1.0
Squared Gradient,Absolute Central Moment 4,-0.10892275960708946,-0.11211665727923634,-0.10589116890744629,1.0
Squared Gradient,Image Power,-0.19443805106788148,-0.19948403444725465,-0.18621179060402196,1.0
Gradient Squared Energy,Mean Intensity,-0.2130433967275203,-0.218389485402176,-0.20480845552048915,1.0
Gradient Squared Energy,Intensity Variance,-0.11355562898118843,-0.11586876634063255,-0.11110663911081639,1.0
Gradient Squared Energy,Intensity Range Index,-0.1286845974807016,-0.135139566413057,-0.12348327008984589,1.0
Gradient Squared Energy,Maximal Intensity,-0.2356130543505728,-0.24029604115255684,-0.2307034197382486,1.0
Gradient Squared Energy,Laplacian Energy,-0.19532473590100624,-0.20364855949240074,-0.18767961841561728,1.0
Gradient Squared Energy,Mean Absolute Laplacian,-0.19910651585481004,-0.2083352498316585,-0.19029314579106738,1.0
Gradient Squared Energy,Spatial Frequency,-0.09331865296153918,-0.09697507545974247,-0.08934616216140613,1.0
Gradient Squared Energy,Modified Tenengrad,-0.01448023996464245,-0.014775592489679863,-0.014210440637578706,1.0
Gradient Squared Energy,Absolute Central Moment 2,-0.1138883071136303,-0.11620098609768459,-0.11143815765862347,1.0
Gradient Squared Energy,Absolute Central Moment 4,-0.10889051202510253,-0.11208372867978451,-0.10585908251432148,1.0
Gradient Squared Energy,Image Power,-0.19440580348589453,-0.1994521205205103,-0.18617977945221123,1.0
Mean Intensity,Intensity Variance,0.09948776774633185,0.09114034936406568,0.10509953781979468,0.0
Mean Intensity,Intensity Range Index,0.08435879924681869,0.07554089983465001,0.09145434790199305,0.0
Mean Intensity,Maximal Intensity,-0.022569657623052512,-0.0310042337156244,-0.015713406526321902,1.0
Mean Intensity,Laplacian Energy,0.01771866082651406,0.0056177758783435144,0.027220459993772487,0.003
Mean Intensity,Mean Absolute Laplacian,0.013936880872710248,0.002181270048009623,0.02423806485229406,0.012
Mean Intensity,Spatial Frequency,0.1197247437659811,0.11096573966422878,0.12618471923069752,0.0
Mean Intensity,Modified Tenengrad,0.19856315676287783,0.19046610814981846,0.203946937301037,0.0
Mean Intensity,Absolute Central Moment 2,0.09915508961389,0.09080813145600748,0.1047685701350893,0.0
Mean Intensity,Absolute Central Moment 4,0.10415288470241776,0.09621355832527934,0.1097785502130068,0.0
Mean Intensity,Image Power,0.018637593241625738,0.014256293112714298,0.02288335684607695,0.0
Intensity Variance,Intensity Range Index,-0.015128968499513168,-0.02195107482217982,-0.0096014089152495,1.0
Intensity Variance,Maximal Intensity,-0.12205742536938437,-0.12742701373106163,-0.11697988604400374,1.0
Intensity Variance,Laplacian Energy,-0.08176910691981779,-0.08981801417425507,-0.07415097298810439,1.0
Intensity Variance,Mean Absolute Laplacian,-0.08555088687362161,-0.0945115970020456,-0.07695632045352907,1.0
Intensity Variance,Spatial Frequency,0.02023697601964924,0.01680301126856594,0.02389583197216696,0.0
Intensity Variance,Modified Tenengrad,0.09907538901654599,0.09673769691435286,0.10135927610544965,0.0
Intensity Variance,Absolute Central Moment 2,-0.0003326781324418588,-0.00033435339913841027,-0.0003310441487767941,1.0
Intensity Variance,Absolute Central Moment 4,0.004665116956085909,0.002081306069471589,0.006623127108754402,0.002
Intensity Variance,Image Power,-0.08085017450470612,-0.08575973581664532,-0.07293449743867549,1.0
Intensity Range Index,Maximal Intensity,-0.1069284568698712,-0.11250088156117082,-0.10092410697336858,1.0
Intensity Range Index,Laplacian Energy,-0.06664013842030463,-0.07593023798952558,-0.05704929867266326,1.0
Intensity Range Index,Mean Absolute Laplacian,-0.07042191837410842,-0.08013177447729686,-0.060003082446218256,1.0
Intensity Range Index,Spatial Frequency,0.03536594451916241,0.029096014343345335,0.042990300262594094,0.0
Intensity Range Index,Modified Tenengrad,0.11420435751605916,0.1090926022357203,0.120783107227763,0.0
Intensity Range Index,Absolute Central Moment 2,0.014796290367071311,0.009268524795654865,0.021618408142576814,0.0
Intensity Range Index,Absolute Central Moment 4,0.01979408545559908,0.014087819911635486,0.02676207407567614,0.0
Intensity Range Index,Image Power,-0.06572120600519293,-0.07293429206012543,-0.057103241230982614,1.0
Maximal Intensity,Laplacian Energy,0.040288318449566575,0.030246254569237886,0.04931249653643829,0.0
Maximal Intensity,Mean Absolute Laplacian,0.036506538495762755,0.02591134820242906,0.04658566923845836,0.0
Maximal Intensity,Spatial Frequency,0.14229440138903363,0.13680852178313224,0.14816629354799793,0.0
Maximal Intensity,Modified Tenengrad,0.22113281438593035,0.21621392229598135,0.22586555223218377,0.0
Maximal Intensity,Absolute Central Moment 2,0.1217247472369425,0.1166472339213616,0.1270941697786044,0.0
Maximal Intensity,Absolute Central Moment 4,0.12672254232547028,0.12164562255106715,0.1319047083452002,0.0
Maximal Intensity,Image Power,0.04120725086467825,0.034989697291311975,0.049387257675250144,0.0
Laplacian Energy,Mean Absolute Laplacian,-0.003781779953803816,-0.009098158688680556,0.0014429356224372875,0.928
Laplacian Energy,Spatial Frequency,0.10200608293946703,0.09470638547202649,0.10991623779199505,0.0
Laplacian Energy,Modified Tenengrad,0.18084449593636379,0.17330579661649084,0.1890944817125438,0.0
Laplacian Energy,Absolute Central Moment 2,0.08143642878737593,0.07381786965408269,0.08948522042014076,0.0
Laplacian Energy,Absolute Central Moment 4,0.08643422387590372,0.07879551137941082,0.09470343923704957,0.0
Laplacian Energy,Image Power,0.0009189324151116744,-0.008922635274889446,0.012752259837203397,0.47
Mean Absolute Laplacian,Spatial Frequency,0.10578786289327084,0.09626699268026372,0.11523243874555954,0.0
Mean Absolute Laplacian,Modified Tenengrad,0.18462627589016758,0.1758657274490034,0.19393967945916982,0.0
Mean Absolute Laplacian,Absolute Central Moment 2,0.08521820874117975,0.07662409970695533,0.09417823204965392,0.0
Mean Absolute Laplacian,Absolute Central Moment 4,0.09021600382970751,0.08150543902380278,0.09956276766865756,0.0
Mean Absolute Laplacian,Image Power,0.004700712368915489,-0.006230915407550955,0.016357905253359818,0.216
Spatial Frequency,Modified Tenengrad,0.07883841299689674,0.07492900509292531,0.08239078337544886,0.0
Spatial Frequency,Absolute Central Moment 2,-0.0205696541520911,-0.02422849653496994,-0.017135403882559457,1.0
Spatial Frequency,Absolute Central Moment 4,-0.015571859063563336,-0.019921996771593786,-0.011518571477598947,1.0
Spatial Frequency,Image Power,-0.10108715052435537,-0.1066263791015295,-0.09254887117195142,1.0
Modified Tenengrad,Absolute Central Moment 2,-0.09940806714898784,-0.10169102992027004,-0.09706942452519168,1.0
Modified Tenengrad,Absolute Central Moment 4,-0.09441027206046007,-0.09766380542190721,-0.09144305597166193,1.0
Modified Tenengrad,Image Power,-0.17992556352125208,-0.18491501604745733,-0.17184522521145681,1.0
Absolute Central Moment 2,Absolute Central Moment 4,0.004997795088527766,0.0024137623388400483,0.006957199521212253,0.002
Absolute Central Moment 2,Image Power,-0.08051749637226424,-0.0854277023646758,-0.07260111555350615,1.0
Absolute Central Moment 4,Image Power,-0.08551529146079202,-0.09049955890792398,-0.07785595754851932,1.0
