domain,reference_tier,operator,family,n_stacks,exact_agreement,within_one_slice_agreement,mean_absolute_displacement,median_absolute_displacement,p90_absolute_displacement
WBC,REF-A_submitted_full,Tenengrad,gradient,25773,0.9807938540332907,0.9995343964614131,0.019904551274589687,0.0,0.0
WBC,REF-A_submitted_full,Brenner Gradient,gradient,25773,0.9269778450316223,0.9984867884995926,0.07554417413572344,0.0,0.0
WBC,REF-A_submitted_full,Variance of Laplacian,laplacian,25773,0.30275870096612734,0.9430023668179878,0.7620765917820975,1.0,1.0
WBC,REF-A_submitted_full,Sum Modified Laplacian,laplacian,25773,0.28219454467853955,0.9318278818919024,0.7956000465603539,1.0,1.0
WBC,REF-A_submitted_full,Normalized Variance,statistical,25773,0.021728165134055018,0.17041089512280294,2.0729833546734957,2.0,3.0
WBC,REF-A_submitted_full,Energy of Gradient,gradient,25773,0.9807938540332907,0.9995343964614131,0.019904551274589687,0.0,0.0
WBC,REF-A_submitted_full,Histogram Entropy,entropy,25773,0.16571605944205176,0.5028130213789624,1.6127342567803515,1.0,3.0
WBC,REF-A_submitted_full,GLCM Contrast,texture,25773,0.7726302719900672,0.9923175416133163,0.23897101617972297,0.0,1.0
WBC,REF-A_submitted_full,Variance of Gradient,gradient,25773,0.8947347999844799,0.9986419896791215,0.10728281534939665,0.0,1.0
WBC,REF-A_submitted_full,Fourier Transform Sharpness Index,frequency,25773,0.9281030535832072,0.9981375858456524,0.0743801652892562,0.0,0.0
WBC,REF-A_submitted_full,Fourier High Frequency Energy Ratio,frequency,25773,0.5583750436503317,0.9883599115353277,0.4565630698793311,0.0,1.0
WBC,REF-A_submitted_full,Roberts Focus Measure,gradient,25773,0.9053272804873317,0.9984867884995926,0.09665153455166259,0.0,0.0
WBC,REF-A_submitted_full,Wavelet W1,wavelet,25773,0.845186823419858,0.9917355371900827,0.1687812827377488,0.0,1.0
WBC,REF-A_submitted_full,Wavelet W2,wavelet,25773,0.845186823419858,0.9917355371900827,0.1687812827377488,0.0,1.0
WBC,REF-A_submitted_full,Wavelet W3,wavelet,25773,0.845186823419858,0.9917355371900827,0.1687812827377488,0.0,1.0
WBC,REF-A_submitted_full,Wavelet Detail Energy (db1),wavelet,25773,0.845186823419858,0.9917355371900827,0.1687812827377488,0.0,1.0
WBC,REF-A_submitted_full,Curvelet Transform Sharpness Index,wavelet_alias,25773,0.845186823419858,0.9917355371900827,0.1687812827377488,0.0,1.0
WBC,REF-A_submitted_full,DCT Focus Measure,frequency,25773,0.43359329530904434,0.9874675047530361,0.5800644084895045,1.0,1.0
WBC,REF-A_submitted_full,Intensity Skewness Index,statistical,25773,0.03422186008613665,0.1751057308035541,2.263919605789004,2.0,3.0
WBC,REF-A_submitted_full,Squared Gradient,gradient,25773,0.9807938540332907,0.9995343964614131,0.019904551274589687,0.0,0.0
WBC,REF-A_submitted_full,Gradient Squared Energy,gradient,25773,0.9807938540332907,0.9995343964614131,0.019904551274589687,0.0,0.0
WBC,REF-A_submitted_full,Mean Intensity,statistical,25773,0.0005432041283513755,0.004384433321693245,4.202498738990417,4.0,5.0
WBC,REF-A_submitted_full,Intensity Variance,statistical,25773,0.021922166608466225,0.17432972490590928,2.0700733325573273,2.0,3.0
WBC,REF-A_submitted_full,Intensity Range Index,statistical,25773,0.303185504209832,0.7070577736390796,1.163155239979824,1.0,3.0
WBC,REF-A_submitted_full,Maximal Intensity,statistical,25773,0.2861909750514104,0.768595041322314,0.9811430566872308,1.0,2.0
WBC,REF-A_submitted_full,Laplacian Energy,laplacian,25773,0.30275870096612734,0.9430023668179878,0.7620765917820975,1.0,1.0
WBC,REF-A_submitted_full,Mean Absolute Laplacian,laplacian,25773,0.3514918713382222,0.9094401117448493,0.761998991192333,1.0,1.0
WBC,REF-A_submitted_full,Spatial Frequency,gradient,25773,0.8775850696465293,0.9980987855507701,0.12474294804640515,0.0,1.0
WBC,REF-A_submitted_full,Modified Tenengrad,gradient,25773,0.9683389593760913,0.9994179955767664,0.03270864858572925,0.0,0.0
WBC,REF-A_submitted_full,Absolute Central Moment 2,statistical,25773,0.021922166608466225,0.17432972490590928,2.0700733325573273,2.0,3.0
WBC,REF-A_submitted_full,Absolute Central Moment 4,statistical,25773,0.03398905831684321,0.247507081053816,1.912776937104722,2.0,3.0
WBC,REF-A_submitted_full,Image Power,statistical,25773,0.15768439840142784,0.3901369650409343,1.840841190393047,2.0,3.0
WBC,REF-B_fixed_ten_diagnostic,Tenengrad,gradient,25773,0.9807938540332907,0.9995343964614131,0.019904551274589687,0.0,0.0
WBC,REF-B_fixed_ten_diagnostic,Brenner Gradient,gradient,25773,0.9269778450316223,0.9984867884995926,0.07554417413572344,0.0,0.0
WBC,REF-B_fixed_ten_diagnostic,Variance of Laplacian,laplacian,25773,0.30275870096612734,0.9430023668179878,0.7620765917820975,1.0,1.0
WBC,REF-B_fixed_ten_diagnostic,Sum Modified Laplacian,laplacian,25773,0.28219454467853955,0.9318278818919024,0.7956000465603539,1.0,1.0
WBC,REF-B_fixed_ten_diagnostic,Normalized Variance,statistical,25773,0.021728165134055018,0.17041089512280294,2.0729833546734957,2.0,3.0
WBC,REF-B_fixed_ten_diagnostic,Energy of Gradient,gradient,25773,0.9807938540332907,0.9995343964614131,0.019904551274589687,0.0,0.0
WBC,REF-B_fixed_ten_diagnostic,Histogram Entropy,entropy,25773,0.16571605944205176,0.5028130213789624,1.6127342567803515,1.0,3.0
WBC,REF-B_fixed_ten_diagnostic,GLCM Contrast,texture,25773,0.7726302719900672,0.9923175416133163,0.23897101617972297,0.0,1.0
WBC,REF-B_fixed_ten_diagnostic,Variance of Gradient,gradient,25773,0.8947347999844799,0.9986419896791215,0.10728281534939665,0.0,1.0
WBC,REF-B_fixed_ten_diagnostic,Fourier Transform Sharpness Index,frequency,25773,0.9281030535832072,0.9981375858456524,0.0743801652892562,0.0,0.0
WBC,REF-B_fixed_ten_diagnostic,Fourier High Frequency Energy Ratio,frequency,25773,0.5583750436503317,0.9883599115353277,0.4565630698793311,0.0,1.0
WBC,REF-B_fixed_ten_diagnostic,Roberts Focus Measure,gradient,25773,0.9053272804873317,0.9984867884995926,0.09665153455166259,0.0,0.0
WBC,REF-B_fixed_ten_diagnostic,Wavelet W1,wavelet,25773,0.845186823419858,0.9917355371900827,0.1687812827377488,0.0,1.0
WBC,REF-B_fixed_ten_diagnostic,Wavelet W2,wavelet,25773,0.845186823419858,0.9917355371900827,0.1687812827377488,0.0,1.0
WBC,REF-B_fixed_ten_diagnostic,Wavelet W3,wavelet,25773,0.845186823419858,0.9917355371900827,0.1687812827377488,0.0,1.0
WBC,REF-B_fixed_ten_diagnostic,Wavelet Detail Energy (db1),wavelet,25773,0.845186823419858,0.9917355371900827,0.1687812827377488,0.0,1.0
WBC,REF-B_fixed_ten_diagnostic,Curvelet Transform Sharpness Index,wavelet_alias,25773,0.845186823419858,0.9917355371900827,0.1687812827377488,0.0,1.0
WBC,REF-B_fixed_ten_diagnostic,DCT Focus Measure,frequency,25773,0.43359329530904434,0.9874675047530361,0.5800644084895045,1.0,1.0
WBC,REF-B_fixed_ten_diagnostic,Intensity Skewness Index,statistical,25773,0.03422186008613665,0.1751057308035541,2.263919605789004,2.0,3.0
WBC,REF-B_fixed_ten_diagnostic,Squared Gradient,gradient,25773,0.9807938540332907,0.9995343964614131,0.019904551274589687,0.0,0.0
WBC,REF-B_fixed_ten_diagnostic,Gradient Squared Energy,gradient,25773,0.9807938540332907,0.9995343964614131,0.019904551274589687,0.0,0.0
WBC,REF-B_fixed_ten_diagnostic,Mean Intensity,statistical,25773,0.0005432041283513755,0.004384433321693245,4.202498738990417,4.0,5.0
WBC,REF-B_fixed_ten_diagnostic,Intensity Variance,statistical,25773,0.021922166608466225,0.17432972490590928,2.0700733325573273,2.0,3.0
WBC,REF-B_fixed_ten_diagnostic,Intensity Range Index,statistical,25773,0.303185504209832,0.7070577736390796,1.163155239979824,1.0,3.0
WBC,REF-B_fixed_ten_diagnostic,Maximal Intensity,statistical,25773,0.2861909750514104,0.768595041322314,0.9811430566872308,1.0,2.0
WBC,REF-B_fixed_ten_diagnostic,Laplacian Energy,laplacian,25773,0.30275870096612734,0.9430023668179878,0.7620765917820975,1.0,1.0
WBC,REF-B_fixed_ten_diagnostic,Mean Absolute Laplacian,laplacian,25773,0.3514918713382222,0.9094401117448493,0.761998991192333,1.0,1.0
WBC,REF-B_fixed_ten_diagnostic,Spatial Frequency,gradient,25773,0.8775850696465293,0.9980987855507701,0.12474294804640515,0.0,1.0
WBC,REF-B_fixed_ten_diagnostic,Modified Tenengrad,gradient,25773,0.9683389593760913,0.9994179955767664,0.03270864858572925,0.0,0.0
WBC,REF-B_fixed_ten_diagnostic,Absolute Central Moment 2,statistical,25773,0.021922166608466225,0.17432972490590928,2.0700733325573273,2.0,3.0
WBC,REF-B_fixed_ten_diagnostic,Absolute Central Moment 4,statistical,25773,0.03398905831684321,0.247507081053816,1.912776937104722,2.0,3.0
WBC,REF-B_fixed_ten_diagnostic,Image Power,statistical,25773,0.15768439840142784,0.3901369650409343,1.840841190393047,2.0,3.0
WBC,REF-C_fixed_disjoint_four,Tenengrad,gradient,25773,0.4889225158111202,0.6640282466146743,0.9457183874597447,1.0,2.0
WBC,REF-C_fixed_disjoint_four,Brenner Gradient,gradient,25773,0.46692274861288946,0.6553757808559345,0.9883211112404454,1.0,3.0
WBC,REF-C_fixed_disjoint_four,Variance of Laplacian,laplacian,25773,0.15038994296356653,0.5116982889069956,1.6979785046366351,1.0,3.0
WBC,REF-C_fixed_disjoint_four,Sum Modified Laplacian,laplacian,25773,0.13863345361424748,0.5042098319947231,1.7315019594148915,1.0,3.0
WBC,REF-C_fixed_disjoint_four,Energy of Gradient,gradient,25773,0.4889225158111202,0.6640282466146743,0.9457183874597447,1.0,2.0
WBC,REF-C_fixed_disjoint_four,Variance of Gradient,gradient,25773,0.45144143095487527,0.6421448803010903,1.0303806308927947,1.0,3.0
WBC,REF-C_fixed_disjoint_four,Fourier High Frequency Energy Ratio,frequency,25773,0.2836301555891825,0.5660187017421332,1.3925425833236333,1.0,3.0
WBC,REF-C_fixed_disjoint_four,Roberts Focus Measure,gradient,25773,0.4543126527761611,0.6352772281069337,1.038451092228301,1.0,3.0
WBC,REF-C_fixed_disjoint_four,Wavelet W1,wavelet,25773,0.43568851123268537,0.6354324292864626,1.061149264734412,1.0,3.0
WBC,REF-C_fixed_disjoint_four,Wavelet W2,wavelet,25773,0.43568851123268537,0.6354324292864626,1.061149264734412,1.0,3.0
WBC,REF-C_fixed_disjoint_four,Wavelet W3,wavelet,25773,0.43568851123268537,0.6354324292864626,1.061149264734412,1.0,3.0
WBC,REF-C_fixed_disjoint_four,Wavelet Detail Energy (db1),wavelet,25773,0.43568851123268537,0.6354324292864626,1.061149264734412,1.0,3.0
WBC,REF-C_fixed_disjoint_four,Curvelet Transform Sharpness Index,wavelet_alias,25773,0.43568851123268537,0.6354324292864626,1.061149264734412,1.0,3.0
WBC,REF-C_fixed_disjoint_four,DCT Focus Measure,frequency,25773,0.29379583284832966,0.8053389205757964,0.9151049547976564,1.0,2.0
WBC,REF-C_fixed_disjoint_four,Intensity Skewness Index,statistical,25773,0.27455088658673804,0.49866138982656266,1.5369960811702168,2.0,3.0
WBC,REF-C_fixed_disjoint_four,Squared Gradient,gradient,25773,0.4889225158111202,0.6640282466146743,0.9457183874597447,1.0,2.0
WBC,REF-C_fixed_disjoint_four,Gradient Squared Energy,gradient,25773,0.4889225158111202,0.6640282466146743,0.9457183874597447,1.0,2.0
WBC,REF-C_fixed_disjoint_four,Mean Intensity,statistical,25773,0.0008536064874093043,0.004268032437046522,5.130562992278741,5.0,7.0
WBC,REF-C_fixed_disjoint_four,Intensity Variance,statistical,25773,0.4344081015015714,0.5539906103286385,1.140457067473713,1.0,3.0
WBC,REF-C_fixed_disjoint_four,Intensity Range Index,statistical,25773,0.19524308384743724,0.5212043611531447,1.7705738563613083,1.0,4.0
WBC,REF-C_fixed_disjoint_four,Maximal Intensity,statistical,25773,0.2239941023551779,0.666395064602491,1.2139836262755597,1.0,2.0
WBC,REF-C_fixed_disjoint_four,Laplacian Energy,laplacian,25773,0.15038994296356653,0.5116982889069956,1.6979785046366351,1.0,3.0
WBC,REF-C_fixed_disjoint_four,Mean Absolute Laplacian,laplacian,25773,0.17444612579055602,0.4995925969037365,1.6978233034571062,2.0,3.0
WBC,REF-C_fixed_disjoint_four,Spatial Frequency,gradient,25773,0.442711364606371,0.6276335700151321,1.0660769021844565,1.0,3.0
WBC,REF-C_fixed_disjoint_four,Modified Tenengrad,gradient,25773,0.48333527334807747,0.6577425988437512,0.9626353160284018,1.0,3.0
WBC,REF-C_fixed_disjoint_four,Absolute Central Moment 2,statistical,25773,0.4344081015015714,0.5539906103286385,1.140457067473713,1.0,3.0
WBC,REF-C_fixed_disjoint_four,Absolute Central Moment 4,statistical,25773,0.36099794358437126,0.5844488418111977,1.1555115818880224,1.0,2.0
WBC,REF-C_fixed_disjoint_four,Image Power,statistical,25773,0.3580103208784387,0.6097854343693012,1.3834245140263066,1.0,3.0
TBI,REF-A_submitted_full,Tenengrad,gradient,30,1.0,1.0,0.0,0.0,0.0
TBI,REF-A_submitted_full,Brenner Gradient,gradient,30,1.0,1.0,0.0,0.0,0.0
TBI,REF-A_submitted_full,Variance of Laplacian,laplacian,30,0.3,0.6,1.3666666666666667,1.0,3.0
TBI,REF-A_submitted_full,Sum Modified Laplacian,laplacian,30,0.36666666666666664,0.6333333333333333,1.2666666666666666,1.0,3.0
TBI,REF-A_submitted_full,Normalized Variance,statistical,30,0.9666666666666667,1.0,0.03333333333333333,0.0,0.0
TBI,REF-A_submitted_full,Energy of Gradient,gradient,30,1.0,1.0,0.0,0.0,0.0
TBI,REF-A_submitted_full,Histogram Entropy,entropy,30,0.9,1.0,0.1,0.0,0.10000000000000142
TBI,REF-A_submitted_full,GLCM Contrast,texture,30,0.06666666666666667,0.16666666666666666,2.7666666666666666,3.0,4.0
TBI,REF-A_submitted_full,Variance of Gradient,gradient,30,1.0,1.0,0.0,0.0,0.0
TBI,REF-A_submitted_full,Fourier Transform Sharpness Index,frequency,30,1.0,1.0,0.0,0.0,0.0
TBI,REF-A_submitted_full,Fourier High Frequency Energy Ratio,frequency,30,0.6,0.8666666666666667,0.5666666666666667,0.0,2.0
TBI,REF-A_submitted_full,Roberts Focus Measure,gradient,30,0.9666666666666667,1.0,0.03333333333333333,0.0,0.0
TBI,REF-A_submitted_full,Wavelet W1,wavelet,30,0.9,1.0,0.1,0.0,0.10000000000000142
TBI,REF-A_submitted_full,Wavelet W2,wavelet,30,0.9,1.0,0.1,0.0,0.10000000000000142
TBI,REF-A_submitted_full,Wavelet W3,wavelet,30,0.9,1.0,0.1,0.0,0.10000000000000142
TBI,REF-A_submitted_full,Wavelet Detail Energy (db1),wavelet,30,0.9,1.0,0.1,0.0,0.10000000000000142
TBI,REF-A_submitted_full,Curvelet Transform Sharpness Index,wavelet_alias,30,0.9,1.0,0.1,0.0,0.10000000000000142
TBI,REF-A_submitted_full,DCT Focus Measure,frequency,30,0.9666666666666667,1.0,0.03333333333333333,0.0,0.0
TBI,REF-A_submitted_full,Intensity Skewness Index,statistical,30,0.13333333333333333,0.2,2.966666666666667,4.0,4.0
TBI,REF-A_submitted_full,Squared Gradient,gradient,30,1.0,1.0,0.0,0.0,0.0
TBI,REF-A_submitted_full,Gradient Squared Energy,gradient,30,1.0,1.0,0.0,0.0,0.0
TBI,REF-A_submitted_full,Mean Intensity,statistical,30,0.06666666666666667,0.1,2.9,3.0,4.0
TBI,REF-A_submitted_full,Intensity Variance,statistical,30,0.9666666666666667,1.0,0.03333333333333333,0.0,0.0
TBI,REF-A_submitted_full,Intensity Range Index,statistical,30,0.3,0.7333333333333333,1.1,1.0,3.0
TBI,REF-A_submitted_full,Maximal Intensity,statistical,30,0.13333333333333333,0.5666666666666667,1.6,1.0,3.1000000000000014
TBI,REF-A_submitted_full,Laplacian Energy,laplacian,30,0.3,0.6,1.3666666666666667,1.0,3.0
TBI,REF-A_submitted_full,Mean Absolute Laplacian,laplacian,30,0.2,0.5,1.7333333333333334,1.5,3.1000000000000014
TBI,REF-A_submitted_full,Spatial Frequency,gradient,30,0.9333333333333333,1.0,0.06666666666666667,0.0,0.0
TBI,REF-A_submitted_full,Modified Tenengrad,gradient,30,1.0,1.0,0.0,0.0,0.0
TBI,REF-A_submitted_full,Absolute Central Moment 2,statistical,30,0.9666666666666667,1.0,0.03333333333333333,0.0,0.0
TBI,REF-A_submitted_full,Absolute Central Moment 4,statistical,30,0.9,1.0,0.1,0.0,0.10000000000000142
TBI,REF-A_submitted_full,Image Power,statistical,30,0.06666666666666667,0.13333333333333333,2.7,3.0,4.0
TBI,REF-B_fixed_ten_diagnostic,Tenengrad,gradient,30,1.0,1.0,0.0,0.0,0.0
TBI,REF-B_fixed_ten_diagnostic,Brenner Gradient,gradient,30,1.0,1.0,0.0,0.0,0.0
TBI,REF-B_fixed_ten_diagnostic,Variance of Laplacian,laplacian,30,0.3,0.6,1.3666666666666667,1.0,3.0
TBI,REF-B_fixed_ten_diagnostic,Sum Modified Laplacian,laplacian,30,0.36666666666666664,0.6333333333333333,1.2666666666666666,1.0,3.0
TBI,REF-B_fixed_ten_diagnostic,Normalized Variance,statistical,30,0.9666666666666667,1.0,0.03333333333333333,0.0,0.0
TBI,REF-B_fixed_ten_diagnostic,Energy of Gradient,gradient,30,1.0,1.0,0.0,0.0,0.0
TBI,REF-B_fixed_ten_diagnostic,Histogram Entropy,entropy,30,0.9,1.0,0.1,0.0,0.10000000000000142
TBI,REF-B_fixed_ten_diagnostic,GLCM Contrast,texture,30,0.06666666666666667,0.16666666666666666,2.7666666666666666,3.0,4.0
TBI,REF-B_fixed_ten_diagnostic,Variance of Gradient,gradient,30,1.0,1.0,0.0,0.0,0.0
TBI,REF-B_fixed_ten_diagnostic,Fourier Transform Sharpness Index,frequency,30,1.0,1.0,0.0,0.0,0.0
TBI,REF-B_fixed_ten_diagnostic,Fourier High Frequency Energy Ratio,frequency,30,0.6,0.8666666666666667,0.5666666666666667,0.0,2.0
TBI,REF-B_fixed_ten_diagnostic,Roberts Focus Measure,gradient,30,0.9666666666666667,1.0,0.03333333333333333,0.0,0.0
TBI,REF-B_fixed_ten_diagnostic,Wavelet W1,wavelet,30,0.9,1.0,0.1,0.0,0.10000000000000142
TBI,REF-B_fixed_ten_diagnostic,Wavelet W2,wavelet,30,0.9,1.0,0.1,0.0,0.10000000000000142
TBI,REF-B_fixed_ten_diagnostic,Wavelet W3,wavelet,30,0.9,1.0,0.1,0.0,0.10000000000000142
TBI,REF-B_fixed_ten_diagnostic,Wavelet Detail Energy (db1),wavelet,30,0.9,1.0,0.1,0.0,0.10000000000000142
TBI,REF-B_fixed_ten_diagnostic,Curvelet Transform Sharpness Index,wavelet_alias,30,0.9,1.0,0.1,0.0,0.10000000000000142
TBI,REF-B_fixed_ten_diagnostic,DCT Focus Measure,frequency,30,0.9666666666666667,1.0,0.03333333333333333,0.0,0.0
TBI,REF-B_fixed_ten_diagnostic,Intensity Skewness Index,statistical,30,0.13333333333333333,0.2,2.966666666666667,4.0,4.0
TBI,REF-B_fixed_ten_diagnostic,Squared Gradient,gradient,30,1.0,1.0,0.0,0.0,0.0
TBI,REF-B_fixed_ten_diagnostic,Gradient Squared Energy,gradient,30,1.0,1.0,0.0,0.0,0.0
TBI,REF-B_fixed_ten_diagnostic,Mean Intensity,statistical,30,0.06666666666666667,0.1,2.9,3.0,4.0
TBI,REF-B_fixed_ten_diagnostic,Intensity Variance,statistical,30,0.9666666666666667,1.0,0.03333333333333333,0.0,0.0
TBI,REF-B_fixed_ten_diagnostic,Intensity Range Index,statistical,30,0.3,0.7333333333333333,1.1,1.0,3.0
TBI,REF-B_fixed_ten_diagnostic,Maximal Intensity,statistical,30,0.13333333333333333,0.5666666666666667,1.6,1.0,3.1000000000000014
TBI,REF-B_fixed_ten_diagnostic,Laplacian Energy,laplacian,30,0.3,0.6,1.3666666666666667,1.0,3.0
TBI,REF-B_fixed_ten_diagnostic,Mean Absolute Laplacian,laplacian,30,0.2,0.5,1.7333333333333334,1.5,3.1000000000000014
TBI,REF-B_fixed_ten_diagnostic,Spatial Frequency,gradient,30,0.9333333333333333,1.0,0.06666666666666667,0.0,0.0
TBI,REF-B_fixed_ten_diagnostic,Modified Tenengrad,gradient,30,1.0,1.0,0.0,0.0,0.0
TBI,REF-B_fixed_ten_diagnostic,Absolute Central Moment 2,statistical,30,0.9666666666666667,1.0,0.03333333333333333,0.0,0.0
TBI,REF-B_fixed_ten_diagnostic,Absolute Central Moment 4,statistical,30,0.9,1.0,0.1,0.0,0.10000000000000142
TBI,REF-B_fixed_ten_diagnostic,Image Power,statistical,30,0.06666666666666667,0.13333333333333333,2.7,3.0,4.0
TBI,REF-C_fixed_disjoint_four,Tenengrad,gradient,30,1.0,1.0,0.0,0.0,0.0
TBI,REF-C_fixed_disjoint_four,Brenner Gradient,gradient,30,1.0,1.0,0.0,0.0,0.0
TBI,REF-C_fixed_disjoint_four,Variance of Laplacian,laplacian,30,0.3,0.6,1.3666666666666667,1.0,3.0
TBI,REF-C_fixed_disjoint_four,Sum Modified Laplacian,laplacian,30,0.36666666666666664,0.6333333333333333,1.2666666666666666,1.0,3.0
TBI,REF-C_fixed_disjoint_four,Energy of Gradient,gradient,30,1.0,1.0,0.0,0.0,0.0
TBI,REF-C_fixed_disjoint_four,Variance of Gradient,gradient,30,1.0,1.0,0.0,0.0,0.0
TBI,REF-C_fixed_disjoint_four,Fourier High Frequency Energy Ratio,frequency,30,0.6,0.8666666666666667,0.5666666666666667,0.0,2.0
TBI,REF-C_fixed_disjoint_four,Roberts Focus Measure,gradient,30,0.9666666666666667,1.0,0.03333333333333333,0.0,0.0
TBI,REF-C_fixed_disjoint_four,Wavelet W1,wavelet,30,0.9,1.0,0.1,0.0,0.10000000000000142
TBI,REF-C_fixed_disjoint_four,Wavelet W2,wavelet,30,0.9,1.0,0.1,0.0,0.10000000000000142
TBI,REF-C_fixed_disjoint_four,Wavelet W3,wavelet,30,0.9,1.0,0.1,0.0,0.10000000000000142
TBI,REF-C_fixed_disjoint_four,Wavelet Detail Energy (db1),wavelet,30,0.9,1.0,0.1,0.0,0.10000000000000142
TBI,REF-C_fixed_disjoint_four,Curvelet Transform Sharpness Index,wavelet_alias,30,0.9,1.0,0.1,0.0,0.10000000000000142
TBI,REF-C_fixed_disjoint_four,DCT Focus Measure,frequency,30,0.9666666666666667,1.0,0.03333333333333333,0.0,0.0
TBI,REF-C_fixed_disjoint_four,Intensity Skewness Index,statistical,30,0.13333333333333333,0.2,2.966666666666667,4.0,4.0
TBI,REF-C_fixed_disjoint_four,Squared Gradient,gradient,30,1.0,1.0,0.0,0.0,0.0
TBI,REF-C_fixed_disjoint_four,Gradient Squared Energy,gradient,30,1.0,1.0,0.0,0.0,0.0
TBI,REF-C_fixed_disjoint_four,Mean Intensity,statistical,30,0.06666666666666667,0.1,2.9,3.0,4.0
TBI,REF-C_fixed_disjoint_four,Intensity Variance,statistical,30,0.9666666666666667,1.0,0.03333333333333333,0.0,0.0
TBI,REF-C_fixed_disjoint_four,Intensity Range Index,statistical,30,0.3,0.7333333333333333,1.1,1.0,3.0
TBI,REF-C_fixed_disjoint_four,Maximal Intensity,statistical,30,0.13333333333333333,0.5666666666666667,1.6,1.0,3.1000000000000014
TBI,REF-C_fixed_disjoint_four,Laplacian Energy,laplacian,30,0.3,0.6,1.3666666666666667,1.0,3.0
TBI,REF-C_fixed_disjoint_four,Mean Absolute Laplacian,laplacian,30,0.2,0.5,1.7333333333333334,1.5,3.1000000000000014
TBI,REF-C_fixed_disjoint_four,Spatial Frequency,gradient,30,0.9333333333333333,1.0,0.06666666666666667,0.0,0.0
TBI,REF-C_fixed_disjoint_four,Modified Tenengrad,gradient,30,1.0,1.0,0.0,0.0,0.0
TBI,REF-C_fixed_disjoint_four,Absolute Central Moment 2,statistical,30,0.9666666666666667,1.0,0.03333333333333333,0.0,0.0
TBI,REF-C_fixed_disjoint_four,Absolute Central Moment 4,statistical,30,0.9,1.0,0.1,0.0,0.10000000000000142
TBI,REF-C_fixed_disjoint_four,Image Power,statistical,30,0.06666666666666667,0.13333333333333333,2.7,3.0,4.0
PBS,REF-A_submitted_full,Tenengrad,gradient,77,0.8961038961038961,0.8961038961038961,0.44155844155844154,0.0,0.8000000000000114
PBS,REF-A_submitted_full,Brenner Gradient,gradient,77,0.961038961038961,0.974025974025974,0.11688311688311688,0.0,0.0
PBS,REF-A_submitted_full,Variance of Laplacian,laplacian,77,0.2597402597402597,0.2857142857142857,4.857142857142857,5.0,9.400000000000006
PBS,REF-A_submitted_full,Sum Modified Laplacian,laplacian,77,0.35064935064935066,0.36363636363636365,4.181818181818182,5.0,9.0
PBS,REF-A_submitted_full,Normalized Variance,statistical,77,0.2597402597402597,0.4675324675324675,1.8571428571428572,2.0,4.0
PBS,REF-A_submitted_full,Energy of Gradient,gradient,77,0.8961038961038961,0.8961038961038961,0.44155844155844154,0.0,0.8000000000000114
PBS,REF-A_submitted_full,Histogram Entropy,entropy,77,0.11688311688311688,0.11688311688311688,6.324675324675325,7.0,10.0
PBS,REF-A_submitted_full,GLCM Contrast,texture,77,0.7142857142857143,0.8961038961038961,0.5974025974025974,0.0,1.4000000000000057
PBS,REF-A_submitted_full,Variance of Gradient,gradient,77,0.8831168831168831,0.8831168831168831,0.4935064935064935,0.0,2.0
PBS,REF-A_submitted_full,Fourier Transform Sharpness Index,frequency,77,0.8831168831168831,0.935064935064935,0.2727272727272727,0.0,1.0
PBS,REF-A_submitted_full,Fourier High Frequency Energy Ratio,frequency,77,0.7142857142857143,0.8051948051948052,1.4155844155844155,0.0,6.0
PBS,REF-A_submitted_full,Roberts Focus Measure,gradient,77,0.935064935064935,0.961038961038961,0.2077922077922078,0.0,0.0
PBS,REF-A_submitted_full,Wavelet W1,wavelet,77,0.6883116883116883,0.8961038961038961,0.6363636363636364,0.0,1.4000000000000057
PBS,REF-A_submitted_full,Wavelet W2,wavelet,77,0.6883116883116883,0.8961038961038961,0.6363636363636364,0.0,1.4000000000000057
PBS,REF-A_submitted_full,Wavelet W3,wavelet,77,0.6883116883116883,0.8961038961038961,0.6363636363636364,0.0,1.4000000000000057
PBS,REF-A_submitted_full,Wavelet Detail Energy (db1),wavelet,77,0.6883116883116883,0.8961038961038961,0.6363636363636364,0.0,1.4000000000000057
PBS,REF-A_submitted_full,Curvelet Transform Sharpness Index,wavelet_alias,77,0.6883116883116883,0.8961038961038961,0.6363636363636364,0.0,1.4000000000000057
PBS,REF-A_submitted_full,DCT Focus Measure,frequency,77,0.7532467532467533,0.9090909090909091,0.5064935064935064,0.0,1.0
PBS,REF-A_submitted_full,Intensity Skewness Index,statistical,77,0.1038961038961039,0.12987012987012986,6.818181818181818,7.0,10.0
PBS,REF-A_submitted_full,Squared Gradient,gradient,77,0.8961038961038961,0.8961038961038961,0.44155844155844154,0.0,0.8000000000000114
PBS,REF-A_submitted_full,Gradient Squared Energy,gradient,77,0.8961038961038961,0.8961038961038961,0.44155844155844154,0.0,0.8000000000000114
PBS,REF-A_submitted_full,Mean Intensity,statistical,77,0.19480519480519481,0.4935064935064935,2.1948051948051948,2.0,5.0
PBS,REF-A_submitted_full,Intensity Variance,statistical,77,0.33766233766233766,0.5844155844155844,1.4545454545454546,1.0,3.0
PBS,REF-A_submitted_full,Intensity Range Index,statistical,77,0.36363636363636365,0.6363636363636364,1.3636363636363635,1.0,3.4000000000000057
PBS,REF-A_submitted_full,Maximal Intensity,statistical,77,0.35064935064935066,0.5844155844155844,1.6753246753246753,1.0,4.400000000000006
PBS,REF-A_submitted_full,Laplacian Energy,laplacian,77,0.2597402597402597,0.2857142857142857,4.857142857142857,5.0,9.400000000000006
PBS,REF-A_submitted_full,Mean Absolute Laplacian,laplacian,77,0.33766233766233766,0.36363636363636365,4.259740259740259,5.0,9.0
PBS,REF-A_submitted_full,Spatial Frequency,gradient,77,0.9090909090909091,0.935064935064935,0.24675324675324675,0.0,0.0
PBS,REF-A_submitted_full,Modified Tenengrad,gradient,77,0.8961038961038961,0.8961038961038961,0.4675324675324675,0.0,0.8000000000000114
PBS,REF-A_submitted_full,Absolute Central Moment 2,statistical,77,0.33766233766233766,0.5844155844155844,1.4545454545454546,1.0,3.0
PBS,REF-A_submitted_full,Absolute Central Moment 4,statistical,77,0.33766233766233766,0.5844155844155844,1.4935064935064934,1.0,3.0
PBS,REF-A_submitted_full,Image Power,statistical,77,0.22077922077922077,0.5584415584415584,1.87012987012987,1.0,4.0
PBS,REF-B_fixed_ten_diagnostic,Tenengrad,gradient,77,0.8961038961038961,0.8961038961038961,0.44155844155844154,0.0,0.8000000000000114
PBS,REF-B_fixed_ten_diagnostic,Brenner Gradient,gradient,77,0.961038961038961,0.974025974025974,0.11688311688311688,0.0,0.0
PBS,REF-B_fixed_ten_diagnostic,Variance of Laplacian,laplacian,77,0.2597402597402597,0.2857142857142857,4.857142857142857,5.0,9.400000000000006
PBS,REF-B_fixed_ten_diagnostic,Sum Modified Laplacian,laplacian,77,0.35064935064935066,0.36363636363636365,4.181818181818182,5.0,9.0
PBS,REF-B_fixed_ten_diagnostic,Normalized Variance,statistical,77,0.2597402597402597,0.4675324675324675,1.8571428571428572,2.0,4.0
PBS,REF-B_fixed_ten_diagnostic,Energy of Gradient,gradient,77,0.8961038961038961,0.8961038961038961,0.44155844155844154,0.0,0.8000000000000114
PBS,REF-B_fixed_ten_diagnostic,Histogram Entropy,entropy,77,0.11688311688311688,0.11688311688311688,6.324675324675325,7.0,10.0
PBS,REF-B_fixed_ten_diagnostic,GLCM Contrast,texture,77,0.7142857142857143,0.8961038961038961,0.5974025974025974,0.0,1.4000000000000057
PBS,REF-B_fixed_ten_diagnostic,Variance of Gradient,gradient,77,0.8831168831168831,0.8831168831168831,0.4935064935064935,0.0,2.0
PBS,REF-B_fixed_ten_diagnostic,Fourier Transform Sharpness Index,frequency,77,0.8831168831168831,0.935064935064935,0.2727272727272727,0.0,1.0
PBS,REF-B_fixed_ten_diagnostic,Fourier High Frequency Energy Ratio,frequency,77,0.7142857142857143,0.8051948051948052,1.4155844155844155,0.0,6.0
PBS,REF-B_fixed_ten_diagnostic,Roberts Focus Measure,gradient,77,0.935064935064935,0.961038961038961,0.2077922077922078,0.0,0.0
PBS,REF-B_fixed_ten_diagnostic,Wavelet W1,wavelet,77,0.6883116883116883,0.8961038961038961,0.6363636363636364,0.0,1.4000000000000057
PBS,REF-B_fixed_ten_diagnostic,Wavelet W2,wavelet,77,0.6883116883116883,0.8961038961038961,0.6363636363636364,0.0,1.4000000000000057
PBS,REF-B_fixed_ten_diagnostic,Wavelet W3,wavelet,77,0.6883116883116883,0.8961038961038961,0.6363636363636364,0.0,1.4000000000000057
PBS,REF-B_fixed_ten_diagnostic,Wavelet Detail Energy (db1),wavelet,77,0.6883116883116883,0.8961038961038961,0.6363636363636364,0.0,1.4000000000000057
PBS,REF-B_fixed_ten_diagnostic,Curvelet Transform Sharpness Index,wavelet_alias,77,0.6883116883116883,0.8961038961038961,0.6363636363636364,0.0,1.4000000000000057
PBS,REF-B_fixed_ten_diagnostic,DCT Focus Measure,frequency,77,0.7532467532467533,0.9090909090909091,0.5064935064935064,0.0,1.0
PBS,REF-B_fixed_ten_diagnostic,Intensity Skewness Index,statistical,77,0.1038961038961039,0.12987012987012986,6.818181818181818,7.0,10.0
PBS,REF-B_fixed_ten_diagnostic,Squared Gradient,gradient,77,0.8961038961038961,0.8961038961038961,0.44155844155844154,0.0,0.8000000000000114
PBS,REF-B_fixed_ten_diagnostic,Gradient Squared Energy,gradient,77,0.8961038961038961,0.8961038961038961,0.44155844155844154,0.0,0.8000000000000114
PBS,REF-B_fixed_ten_diagnostic,Mean Intensity,statistical,77,0.19480519480519481,0.4935064935064935,2.1948051948051948,2.0,5.0
PBS,REF-B_fixed_ten_diagnostic,Intensity Variance,statistical,77,0.33766233766233766,0.5844155844155844,1.4545454545454546,1.0,3.0
PBS,REF-B_fixed_ten_diagnostic,Intensity Range Index,statistical,77,0.36363636363636365,0.6363636363636364,1.3636363636363635,1.0,3.4000000000000057
PBS,REF-B_fixed_ten_diagnostic,Maximal Intensity,statistical,77,0.35064935064935066,0.5844155844155844,1.6753246753246753,1.0,4.400000000000006
PBS,REF-B_fixed_ten_diagnostic,Laplacian Energy,laplacian,77,0.2597402597402597,0.2857142857142857,4.857142857142857,5.0,9.400000000000006
PBS,REF-B_fixed_ten_diagnostic,Mean Absolute Laplacian,laplacian,77,0.33766233766233766,0.36363636363636365,4.259740259740259,5.0,9.0
PBS,REF-B_fixed_ten_diagnostic,Spatial Frequency,gradient,77,0.9090909090909091,0.935064935064935,0.24675324675324675,0.0,0.0
PBS,REF-B_fixed_ten_diagnostic,Modified Tenengrad,gradient,77,0.8961038961038961,0.8961038961038961,0.4675324675324675,0.0,0.8000000000000114
PBS,REF-B_fixed_ten_diagnostic,Absolute Central Moment 2,statistical,77,0.33766233766233766,0.5844155844155844,1.4545454545454546,1.0,3.0
PBS,REF-B_fixed_ten_diagnostic,Absolute Central Moment 4,statistical,77,0.33766233766233766,0.5844155844155844,1.4935064935064934,1.0,3.0
PBS,REF-B_fixed_ten_diagnostic,Image Power,statistical,77,0.22077922077922077,0.5584415584415584,1.87012987012987,1.0,4.0
PBS,REF-C_fixed_disjoint_four,Tenengrad,gradient,77,0.6233766233766234,0.7012987012987013,1.2077922077922079,0.0,4.0
PBS,REF-C_fixed_disjoint_four,Brenner Gradient,gradient,77,0.7012987012987013,0.7922077922077922,0.8831168831168831,0.0,3.4000000000000057
PBS,REF-C_fixed_disjoint_four,Variance of Laplacian,laplacian,77,0.2987012987012987,0.36363636363636365,4.220779220779221,4.0,9.0
PBS,REF-C_fixed_disjoint_four,Sum Modified Laplacian,laplacian,77,0.38961038961038963,0.42857142857142855,3.6493506493506493,3.0,8.400000000000006
PBS,REF-C_fixed_disjoint_four,Energy of Gradient,gradient,77,0.6233766233766234,0.7012987012987013,1.2077922077922079,0.0,4.0
PBS,REF-C_fixed_disjoint_four,Variance of Gradient,gradient,77,0.6233766233766234,0.6883116883116883,1.2597402597402598,0.0,4.0
PBS,REF-C_fixed_disjoint_four,Fourier High Frequency Energy Ratio,frequency,77,0.6233766233766234,0.7142857142857143,1.6883116883116882,0.0,6.400000000000006
PBS,REF-C_fixed_disjoint_four,Roberts Focus Measure,gradient,77,0.7272727272727273,0.8051948051948052,0.7922077922077922,0.0,3.0
PBS,REF-C_fixed_disjoint_four,Wavelet W1,wavelet,77,0.5974025974025974,0.8181818181818182,0.8571428571428571,0.0,3.0
PBS,REF-C_fixed_disjoint_four,Wavelet W2,wavelet,77,0.5974025974025974,0.8181818181818182,0.8571428571428571,0.0,3.0
PBS,REF-C_fixed_disjoint_four,Wavelet W3,wavelet,77,0.5974025974025974,0.8181818181818182,0.8571428571428571,0.0,3.0
PBS,REF-C_fixed_disjoint_four,Wavelet Detail Energy (db1),wavelet,77,0.5974025974025974,0.8181818181818182,0.8571428571428571,0.0,3.0
PBS,REF-C_fixed_disjoint_four,Curvelet Transform Sharpness Index,wavelet_alias,77,0.5974025974025974,0.8181818181818182,0.8571428571428571,0.0,3.0
PBS,REF-C_fixed_disjoint_four,DCT Focus Measure,frequency,77,0.5714285714285714,0.7272727272727273,1.1688311688311688,0.0,4.0
PBS,REF-C_fixed_disjoint_four,Intensity Skewness Index,statistical,77,0.12987012987012986,0.16883116883116883,6.467532467532467,7.0,10.0
PBS,REF-C_fixed_disjoint_four,Squared Gradient,gradient,77,0.6233766233766234,0.7012987012987013,1.2077922077922079,0.0,4.0
PBS,REF-C_fixed_disjoint_four,Gradient Squared Energy,gradient,77,0.6233766233766234,0.7012987012987013,1.2077922077922079,0.0,4.0
PBS,REF-C_fixed_disjoint_four,Mean Intensity,statistical,77,0.11688311688311688,0.37662337662337664,2.7012987012987013,2.0,6.0
PBS,REF-C_fixed_disjoint_four,Intensity Variance,statistical,77,0.4025974025974026,0.7142857142857143,1.2337662337662338,1.0,3.0
PBS,REF-C_fixed_disjoint_four,Intensity Range Index,statistical,77,0.22077922077922077,0.4675324675324675,2.0,2.0,4.0
PBS,REF-C_fixed_disjoint_four,Maximal Intensity,statistical,77,0.2077922077922078,0.4155844155844156,2.2857142857142856,2.0,5.0
PBS,REF-C_fixed_disjoint_four,Laplacian Energy,laplacian,77,0.2987012987012987,0.36363636363636365,4.220779220779221,4.0,9.0
PBS,REF-C_fixed_disjoint_four,Mean Absolute Laplacian,laplacian,77,0.37662337662337664,0.42857142857142855,3.779220779220779,3.0,9.0
PBS,REF-C_fixed_disjoint_four,Spatial Frequency,gradient,77,0.7402597402597403,0.8311688311688312,0.6493506493506493,0.0,2.4000000000000057
PBS,REF-C_fixed_disjoint_four,Modified Tenengrad,gradient,77,0.6233766233766234,0.7012987012987013,1.2337662337662338,0.0,4.0
PBS,REF-C_fixed_disjoint_four,Absolute Central Moment 2,statistical,77,0.4025974025974026,0.7142857142857143,1.2337662337662338,1.0,3.0
PBS,REF-C_fixed_disjoint_four,Absolute Central Moment 4,statistical,77,0.4025974025974026,0.7142857142857143,1.2727272727272727,1.0,3.0
PBS,REF-C_fixed_disjoint_four,Image Power,statistical,77,0.16883116883116883,0.44155844155844154,2.3766233766233764,2.0,5.0
BMA,REF-A_submitted_full,Tenengrad,gradient,38,0.9736842105263158,1.0,0.02631578947368421,0.0,0.0
BMA,REF-A_submitted_full,Brenner Gradient,gradient,38,0.9736842105263158,1.0,0.02631578947368421,0.0,0.0
BMA,REF-A_submitted_full,Variance of Laplacian,laplacian,38,1.0,1.0,0.0,0.0,0.0
BMA,REF-A_submitted_full,Sum Modified Laplacian,laplacian,38,1.0,1.0,0.0,0.0,0.0
BMA,REF-A_submitted_full,Normalized Variance,statistical,38,0.8947368421052632,1.0,0.10526315789473684,0.0,0.30000000000000426
BMA,REF-A_submitted_full,Energy of Gradient,gradient,38,0.9736842105263158,1.0,0.02631578947368421,0.0,0.0
BMA,REF-A_submitted_full,Histogram Entropy,entropy,38,0.18421052631578946,0.34210526315789475,5.157894736842105,7.0,9.0
BMA,REF-A_submitted_full,GLCM Contrast,texture,38,0.9210526315789473,0.9736842105263158,0.3157894736842105,0.0,0.0
BMA,REF-A_submitted_full,Variance of Gradient,gradient,38,0.9473684210526315,1.0,0.05263157894736842,0.0,0.0
BMA,REF-A_submitted_full,Fourier Transform Sharpness Index,frequency,38,1.0,1.0,0.0,0.0,0.0
BMA,REF-A_submitted_full,Fourier High Frequency Energy Ratio,frequency,38,0.868421052631579,0.9736842105263158,0.2894736842105263,0.0,1.0
BMA,REF-A_submitted_full,Roberts Focus Measure,gradient,38,0.9736842105263158,1.0,0.02631578947368421,0.0,0.0
BMA,REF-A_submitted_full,Wavelet W1,wavelet,38,0.9736842105263158,1.0,0.02631578947368421,0.0,0.0
BMA,REF-A_submitted_full,Wavelet W2,wavelet,38,0.9736842105263158,1.0,0.02631578947368421,0.0,0.0
BMA,REF-A_submitted_full,Wavelet W3,wavelet,38,0.9736842105263158,1.0,0.02631578947368421,0.0,0.0
BMA,REF-A_submitted_full,Wavelet Detail Energy (db1),wavelet,38,0.9736842105263158,1.0,0.02631578947368421,0.0,0.0
BMA,REF-A_submitted_full,Curvelet Transform Sharpness Index,wavelet_alias,38,0.9736842105263158,1.0,0.02631578947368421,0.0,0.0
BMA,REF-A_submitted_full,DCT Focus Measure,frequency,38,0.9736842105263158,1.0,0.02631578947368421,0.0,0.0
BMA,REF-A_submitted_full,Intensity Skewness Index,statistical,38,0.0,0.0,7.7631578947368425,8.0,9.600000000000009
BMA,REF-A_submitted_full,Squared Gradient,gradient,38,0.9736842105263158,1.0,0.02631578947368421,0.0,0.0
BMA,REF-A_submitted_full,Gradient Squared Energy,gradient,38,0.9736842105263158,1.0,0.02631578947368421,0.0,0.0
BMA,REF-A_submitted_full,Mean Intensity,statistical,38,0.10526315789473684,0.13157894736842105,4.7631578947368425,6.0,8.0
BMA,REF-A_submitted_full,Intensity Variance,statistical,38,0.8947368421052632,1.0,0.10526315789473684,0.0,0.30000000000000426
BMA,REF-A_submitted_full,Intensity Range Index,statistical,38,0.21052631578947367,0.6052631578947368,1.368421052631579,1.0,2.3000000000000043
BMA,REF-A_submitted_full,Maximal Intensity,statistical,38,0.21052631578947367,0.5263157894736842,1.7894736842105263,1.0,4.300000000000004
BMA,REF-A_submitted_full,Laplacian Energy,laplacian,38,1.0,1.0,0.0,0.0,0.0
BMA,REF-A_submitted_full,Mean Absolute Laplacian,laplacian,38,0.9210526315789473,1.0,0.07894736842105263,0.0,0.0
BMA,REF-A_submitted_full,Spatial Frequency,gradient,38,1.0,1.0,0.0,0.0,0.0
BMA,REF-A_submitted_full,Modified Tenengrad,gradient,38,0.9736842105263158,1.0,0.02631578947368421,0.0,0.0
BMA,REF-A_submitted_full,Absolute Central Moment 2,statistical,38,0.8947368421052632,1.0,0.10526315789473684,0.0,0.30000000000000426
BMA,REF-A_submitted_full,Absolute Central Moment 4,statistical,38,0.7105263157894737,0.9473684210526315,0.4473684210526316,0.0,1.0
BMA,REF-A_submitted_full,Image Power,statistical,38,0.8421052631578947,0.9473684210526315,0.3157894736842105,0.0,1.0
BMA,REF-B_fixed_ten_diagnostic,Tenengrad,gradient,38,0.9736842105263158,1.0,0.02631578947368421,0.0,0.0
BMA,REF-B_fixed_ten_diagnostic,Brenner Gradient,gradient,38,0.9736842105263158,1.0,0.02631578947368421,0.0,0.0
BMA,REF-B_fixed_ten_diagnostic,Variance of Laplacian,laplacian,38,1.0,1.0,0.0,0.0,0.0
BMA,REF-B_fixed_ten_diagnostic,Sum Modified Laplacian,laplacian,38,1.0,1.0,0.0,0.0,0.0
BMA,REF-B_fixed_ten_diagnostic,Normalized Variance,statistical,38,0.8947368421052632,1.0,0.10526315789473684,0.0,0.30000000000000426
BMA,REF-B_fixed_ten_diagnostic,Energy of Gradient,gradient,38,0.9736842105263158,1.0,0.02631578947368421,0.0,0.0
BMA,REF-B_fixed_ten_diagnostic,Histogram Entropy,entropy,38,0.18421052631578946,0.34210526315789475,5.157894736842105,7.0,9.0
BMA,REF-B_fixed_ten_diagnostic,GLCM Contrast,texture,38,0.9210526315789473,0.9736842105263158,0.3157894736842105,0.0,0.0
BMA,REF-B_fixed_ten_diagnostic,Variance of Gradient,gradient,38,0.9473684210526315,1.0,0.05263157894736842,0.0,0.0
BMA,REF-B_fixed_ten_diagnostic,Fourier Transform Sharpness Index,frequency,38,1.0,1.0,0.0,0.0,0.0
BMA,REF-B_fixed_ten_diagnostic,Fourier High Frequency Energy Ratio,frequency,38,0.868421052631579,0.9736842105263158,0.2894736842105263,0.0,1.0
BMA,REF-B_fixed_ten_diagnostic,Roberts Focus Measure,gradient,38,0.9736842105263158,1.0,0.02631578947368421,0.0,0.0
BMA,REF-B_fixed_ten_diagnostic,Wavelet W1,wavelet,38,0.9736842105263158,1.0,0.02631578947368421,0.0,0.0
BMA,REF-B_fixed_ten_diagnostic,Wavelet W2,wavelet,38,0.9736842105263158,1.0,0.02631578947368421,0.0,0.0
BMA,REF-B_fixed_ten_diagnostic,Wavelet W3,wavelet,38,0.9736842105263158,1.0,0.02631578947368421,0.0,0.0
BMA,REF-B_fixed_ten_diagnostic,Wavelet Detail Energy (db1),wavelet,38,0.9736842105263158,1.0,0.02631578947368421,0.0,0.0
BMA,REF-B_fixed_ten_diagnostic,Curvelet Transform Sharpness Index,wavelet_alias,38,0.9736842105263158,1.0,0.02631578947368421,0.0,0.0
BMA,REF-B_fixed_ten_diagnostic,DCT Focus Measure,frequency,38,0.9736842105263158,1.0,0.02631578947368421,0.0,0.0
BMA,REF-B_fixed_ten_diagnostic,Intensity Skewness Index,statistical,38,0.0,0.0,7.7631578947368425,8.0,9.600000000000009
BMA,REF-B_fixed_ten_diagnostic,Squared Gradient,gradient,38,0.9736842105263158,1.0,0.02631578947368421,0.0,0.0
BMA,REF-B_fixed_ten_diagnostic,Gradient Squared Energy,gradient,38,0.9736842105263158,1.0,0.02631578947368421,0.0,0.0
BMA,REF-B_fixed_ten_diagnostic,Mean Intensity,statistical,38,0.10526315789473684,0.13157894736842105,4.7631578947368425,6.0,8.0
BMA,REF-B_fixed_ten_diagnostic,Intensity Variance,statistical,38,0.8947368421052632,1.0,0.10526315789473684,0.0,0.30000000000000426
BMA,REF-B_fixed_ten_diagnostic,Intensity Range Index,statistical,38,0.21052631578947367,0.6052631578947368,1.368421052631579,1.0,2.3000000000000043
BMA,REF-B_fixed_ten_diagnostic,Maximal Intensity,statistical,38,0.21052631578947367,0.5263157894736842,1.7894736842105263,1.0,4.300000000000004
BMA,REF-B_fixed_ten_diagnostic,Laplacian Energy,laplacian,38,1.0,1.0,0.0,0.0,0.0
BMA,REF-B_fixed_ten_diagnostic,Mean Absolute Laplacian,laplacian,38,0.9210526315789473,1.0,0.07894736842105263,0.0,0.0
BMA,REF-B_fixed_ten_diagnostic,Spatial Frequency,gradient,38,1.0,1.0,0.0,0.0,0.0
BMA,REF-B_fixed_ten_diagnostic,Modified Tenengrad,gradient,38,0.9736842105263158,1.0,0.02631578947368421,0.0,0.0
BMA,REF-B_fixed_ten_diagnostic,Absolute Central Moment 2,statistical,38,0.8947368421052632,1.0,0.10526315789473684,0.0,0.30000000000000426
BMA,REF-B_fixed_ten_diagnostic,Absolute Central Moment 4,statistical,38,0.7105263157894737,0.9473684210526315,0.4473684210526316,0.0,1.0
BMA,REF-B_fixed_ten_diagnostic,Image Power,statistical,38,0.8421052631578947,0.9473684210526315,0.3157894736842105,0.0,1.0
BMA,REF-C_fixed_disjoint_four,Tenengrad,gradient,38,0.9210526315789473,1.0,0.07894736842105263,0.0,0.0
BMA,REF-C_fixed_disjoint_four,Brenner Gradient,gradient,38,0.9210526315789473,1.0,0.07894736842105263,0.0,0.0
BMA,REF-C_fixed_disjoint_four,Variance of Laplacian,laplacian,38,0.9473684210526315,1.0,0.05263157894736842,0.0,0.0
BMA,REF-C_fixed_disjoint_four,Sum Modified Laplacian,laplacian,38,0.9473684210526315,1.0,0.05263157894736842,0.0,0.0
BMA,REF-C_fixed_disjoint_four,Energy of Gradient,gradient,38,0.9210526315789473,1.0,0.07894736842105263,0.0,0.0
BMA,REF-C_fixed_disjoint_four,Variance of Gradient,gradient,38,0.8947368421052632,1.0,0.10526315789473684,0.0,0.30000000000000426
BMA,REF-C_fixed_disjoint_four,Fourier High Frequency Energy Ratio,frequency,38,0.868421052631579,0.9736842105263158,0.2894736842105263,0.0,1.0
BMA,REF-C_fixed_disjoint_four,Roberts Focus Measure,gradient,38,0.9210526315789473,1.0,0.07894736842105263,0.0,0.0
BMA,REF-C_fixed_disjoint_four,Wavelet W1,wavelet,38,0.9736842105263158,1.0,0.02631578947368421,0.0,0.0
BMA,REF-C_fixed_disjoint_four,Wavelet W2,wavelet,38,0.9736842105263158,1.0,0.02631578947368421,0.0,0.0
BMA,REF-C_fixed_disjoint_four,Wavelet W3,wavelet,38,0.9736842105263158,1.0,0.02631578947368421,0.0,0.0
BMA,REF-C_fixed_disjoint_four,Wavelet Detail Energy (db1),wavelet,38,0.9736842105263158,1.0,0.02631578947368421,0.0,0.0
BMA,REF-C_fixed_disjoint_four,Curvelet Transform Sharpness Index,wavelet_alias,38,0.9736842105263158,1.0,0.02631578947368421,0.0,0.0
BMA,REF-C_fixed_disjoint_four,DCT Focus Measure,frequency,38,0.9736842105263158,1.0,0.02631578947368421,0.0,0.0
BMA,REF-C_fixed_disjoint_four,Intensity Skewness Index,statistical,38,0.0,0.0,7.815789473684211,8.0,9.600000000000009
BMA,REF-C_fixed_disjoint_four,Squared Gradient,gradient,38,0.9210526315789473,1.0,0.07894736842105263,0.0,0.0
BMA,REF-C_fixed_disjoint_four,Gradient Squared Energy,gradient,38,0.9210526315789473,1.0,0.07894736842105263,0.0,0.0
BMA,REF-C_fixed_disjoint_four,Mean Intensity,statistical,38,0.10526315789473684,0.13157894736842105,4.815789473684211,6.0,8.0
BMA,REF-C_fixed_disjoint_four,Intensity Variance,statistical,38,0.9473684210526315,1.0,0.05263157894736842,0.0,0.0
BMA,REF-C_fixed_disjoint_four,Intensity Range Index,statistical,38,0.18421052631578946,0.6052631578947368,1.4210526315789473,1.0,3.0
BMA,REF-C_fixed_disjoint_four,Maximal Intensity,statistical,38,0.18421052631578946,0.5263157894736842,1.8421052631578947,1.0,4.300000000000004
BMA,REF-C_fixed_disjoint_four,Laplacian Energy,laplacian,38,0.9473684210526315,1.0,0.05263157894736842,0.0,0.0
BMA,REF-C_fixed_disjoint_four,Mean Absolute Laplacian,laplacian,38,0.868421052631579,1.0,0.13157894736842105,0.0,1.0
BMA,REF-C_fixed_disjoint_four,Spatial Frequency,gradient,38,0.9473684210526315,1.0,0.05263157894736842,0.0,0.0
BMA,REF-C_fixed_disjoint_four,Modified Tenengrad,gradient,38,0.9210526315789473,1.0,0.07894736842105263,0.0,0.0
BMA,REF-C_fixed_disjoint_four,Absolute Central Moment 2,statistical,38,0.9473684210526315,1.0,0.05263157894736842,0.0,0.0
BMA,REF-C_fixed_disjoint_four,Absolute Central Moment 4,statistical,38,0.7105263157894737,0.9473684210526315,0.4473684210526316,0.0,1.0
BMA,REF-C_fixed_disjoint_four,Image Power,statistical,38,0.7894736842105263,0.9473684210526315,0.3684210526315789,0.0,1.0
TBF,REF-A_submitted_full,Tenengrad,gradient,182,0.989010989010989,1.0,0.01098901098901099,0.0,0.0
TBF,REF-A_submitted_full,Brenner Gradient,gradient,182,0.978021978021978,1.0,0.02197802197802198,0.0,0.0
TBF,REF-A_submitted_full,Variance of Laplacian,laplacian,182,0.0989010989010989,0.21978021978021978,4.664835164835165,5.0,7.0
TBF,REF-A_submitted_full,Sum Modified Laplacian,laplacian,182,0.16483516483516483,0.3021978021978022,4.153846153846154,5.0,7.0
TBF,REF-A_submitted_full,Normalized Variance,statistical,182,0.8626373626373627,1.0,0.13736263736263737,0.0,1.0
TBF,REF-A_submitted_full,Energy of Gradient,gradient,182,0.989010989010989,1.0,0.01098901098901099,0.0,0.0
TBF,REF-A_submitted_full,Histogram Entropy,entropy,182,0.5769230769230769,1.0,0.4230769230769231,0.0,1.0
TBF,REF-A_submitted_full,GLCM Contrast,texture,182,0.0,0.0,5.835164835164835,6.0,7.0
TBF,REF-A_submitted_full,Variance of Gradient,gradient,182,0.9505494505494505,1.0,0.04945054945054945,0.0,0.0
TBF,REF-A_submitted_full,Fourier Transform Sharpness Index,frequency,182,0.978021978021978,1.0,0.02197802197802198,0.0,0.0
TBF,REF-A_submitted_full,Fourier High Frequency Energy Ratio,frequency,182,0.18681318681318682,0.29120879120879123,4.065934065934066,5.0,7.0
TBF,REF-A_submitted_full,Roberts Focus Measure,gradient,182,0.2857142857142857,0.46703296703296704,3.3516483516483517,3.5,7.0
TBF,REF-A_submitted_full,Wavelet W1,wavelet,182,0.0,0.0,6.126373626373627,6.0,8.0
TBF,REF-A_submitted_full,Wavelet W2,wavelet,182,0.0,0.0,6.126373626373627,6.0,8.0
TBF,REF-A_submitted_full,Wavelet W3,wavelet,182,0.0,0.0,6.126373626373627,6.0,8.0
TBF,REF-A_submitted_full,Wavelet Detail Energy (db1),wavelet,182,0.0,0.0,6.126373626373627,6.0,8.0
TBF,REF-A_submitted_full,Curvelet Transform Sharpness Index,wavelet_alias,182,0.0,0.0,6.126373626373627,6.0,8.0
TBF,REF-A_submitted_full,DCT Focus Measure,frequency,182,0.3956043956043956,0.5769230769230769,2.7472527472527473,1.0,7.0
TBF,REF-A_submitted_full,Intensity Skewness Index,statistical,182,0.005494505494505495,0.016483516483516484,6.1098901098901095,6.0,8.0
TBF,REF-A_submitted_full,Squared Gradient,gradient,182,0.989010989010989,1.0,0.01098901098901099,0.0,0.0
TBF,REF-A_submitted_full,Gradient Squared Energy,gradient,182,0.989010989010989,1.0,0.01098901098901099,0.0,0.0
TBF,REF-A_submitted_full,Mean Intensity,statistical,182,0.0,0.005494505494505495,6.016483516483516,6.0,8.0
TBF,REF-A_submitted_full,Intensity Variance,statistical,182,0.8626373626373627,0.9945054945054945,0.17582417582417584,0.0,1.0
TBF,REF-A_submitted_full,Intensity Range Index,statistical,182,0.4010989010989011,0.978021978021978,0.6208791208791209,1.0,1.0
TBF,REF-A_submitted_full,Maximal Intensity,statistical,182,0.4065934065934066,0.978021978021978,0.6153846153846154,1.0,1.0
TBF,REF-A_submitted_full,Laplacian Energy,laplacian,182,0.0989010989010989,0.21978021978021978,4.664835164835165,5.0,7.0
TBF,REF-A_submitted_full,Mean Absolute Laplacian,laplacian,182,0.01098901098901099,0.01098901098901099,6.010989010989011,6.0,8.0
TBF,REF-A_submitted_full,Spatial Frequency,gradient,182,0.17032967032967034,0.2857142857142857,4.2967032967032965,5.0,7.0
TBF,REF-A_submitted_full,Modified Tenengrad,gradient,182,0.9945054945054945,1.0,0.005494505494505495,0.0,0.0
TBF,REF-A_submitted_full,Absolute Central Moment 2,statistical,182,0.8626373626373627,0.9945054945054945,0.17582417582417584,0.0,1.0
TBF,REF-A_submitted_full,Absolute Central Moment 4,statistical,182,0.8241758241758241,0.9945054945054945,0.2087912087912088,0.0,1.0
TBF,REF-A_submitted_full,Image Power,statistical,182,0.2802197802197802,0.5164835164835165,2.8131868131868134,1.0,7.0
TBF,REF-B_fixed_ten_diagnostic,Tenengrad,gradient,182,0.989010989010989,1.0,0.01098901098901099,0.0,0.0
TBF,REF-B_fixed_ten_diagnostic,Brenner Gradient,gradient,182,0.978021978021978,1.0,0.02197802197802198,0.0,0.0
TBF,REF-B_fixed_ten_diagnostic,Variance of Laplacian,laplacian,182,0.0989010989010989,0.21978021978021978,4.664835164835165,5.0,7.0
TBF,REF-B_fixed_ten_diagnostic,Sum Modified Laplacian,laplacian,182,0.16483516483516483,0.3021978021978022,4.153846153846154,5.0,7.0
TBF,REF-B_fixed_ten_diagnostic,Normalized Variance,statistical,182,0.8626373626373627,1.0,0.13736263736263737,0.0,1.0
TBF,REF-B_fixed_ten_diagnostic,Energy of Gradient,gradient,182,0.989010989010989,1.0,0.01098901098901099,0.0,0.0
TBF,REF-B_fixed_ten_diagnostic,Histogram Entropy,entropy,182,0.5769230769230769,1.0,0.4230769230769231,0.0,1.0
TBF,REF-B_fixed_ten_diagnostic,GLCM Contrast,texture,182,0.0,0.0,5.835164835164835,6.0,7.0
TBF,REF-B_fixed_ten_diagnostic,Variance of Gradient,gradient,182,0.9505494505494505,1.0,0.04945054945054945,0.0,0.0
TBF,REF-B_fixed_ten_diagnostic,Fourier Transform Sharpness Index,frequency,182,0.978021978021978,1.0,0.02197802197802198,0.0,0.0
TBF,REF-B_fixed_ten_diagnostic,Fourier High Frequency Energy Ratio,frequency,182,0.18681318681318682,0.29120879120879123,4.065934065934066,5.0,7.0
TBF,REF-B_fixed_ten_diagnostic,Roberts Focus Measure,gradient,182,0.2857142857142857,0.46703296703296704,3.3516483516483517,3.5,7.0
TBF,REF-B_fixed_ten_diagnostic,Wavelet W1,wavelet,182,0.0,0.0,6.126373626373627,6.0,8.0
TBF,REF-B_fixed_ten_diagnostic,Wavelet W2,wavelet,182,0.0,0.0,6.126373626373627,6.0,8.0
TBF,REF-B_fixed_ten_diagnostic,Wavelet W3,wavelet,182,0.0,0.0,6.126373626373627,6.0,8.0
TBF,REF-B_fixed_ten_diagnostic,Wavelet Detail Energy (db1),wavelet,182,0.0,0.0,6.126373626373627,6.0,8.0
TBF,REF-B_fixed_ten_diagnostic,Curvelet Transform Sharpness Index,wavelet_alias,182,0.0,0.0,6.126373626373627,6.0,8.0
TBF,REF-B_fixed_ten_diagnostic,DCT Focus Measure,frequency,182,0.3956043956043956,0.5769230769230769,2.7472527472527473,1.0,7.0
TBF,REF-B_fixed_ten_diagnostic,Intensity Skewness Index,statistical,182,0.005494505494505495,0.016483516483516484,6.1098901098901095,6.0,8.0
TBF,REF-B_fixed_ten_diagnostic,Squared Gradient,gradient,182,0.989010989010989,1.0,0.01098901098901099,0.0,0.0
TBF,REF-B_fixed_ten_diagnostic,Gradient Squared Energy,gradient,182,0.989010989010989,1.0,0.01098901098901099,0.0,0.0
TBF,REF-B_fixed_ten_diagnostic,Mean Intensity,statistical,182,0.0,0.005494505494505495,6.016483516483516,6.0,8.0
TBF,REF-B_fixed_ten_diagnostic,Intensity Variance,statistical,182,0.8626373626373627,0.9945054945054945,0.17582417582417584,0.0,1.0
TBF,REF-B_fixed_ten_diagnostic,Intensity Range Index,statistical,182,0.4010989010989011,0.978021978021978,0.6208791208791209,1.0,1.0
TBF,REF-B_fixed_ten_diagnostic,Maximal Intensity,statistical,182,0.4065934065934066,0.978021978021978,0.6153846153846154,1.0,1.0
TBF,REF-B_fixed_ten_diagnostic,Laplacian Energy,laplacian,182,0.0989010989010989,0.21978021978021978,4.664835164835165,5.0,7.0
TBF,REF-B_fixed_ten_diagnostic,Mean Absolute Laplacian,laplacian,182,0.01098901098901099,0.01098901098901099,6.010989010989011,6.0,8.0
TBF,REF-B_fixed_ten_diagnostic,Spatial Frequency,gradient,182,0.17032967032967034,0.2857142857142857,4.2967032967032965,5.0,7.0
TBF,REF-B_fixed_ten_diagnostic,Modified Tenengrad,gradient,182,0.9945054945054945,1.0,0.005494505494505495,0.0,0.0
TBF,REF-B_fixed_ten_diagnostic,Absolute Central Moment 2,statistical,182,0.8626373626373627,0.9945054945054945,0.17582417582417584,0.0,1.0
TBF,REF-B_fixed_ten_diagnostic,Absolute Central Moment 4,statistical,182,0.8241758241758241,0.9945054945054945,0.2087912087912088,0.0,1.0
TBF,REF-B_fixed_ten_diagnostic,Image Power,statistical,182,0.2802197802197802,0.5164835164835165,2.8131868131868134,1.0,7.0
TBF,REF-C_fixed_disjoint_four,Tenengrad,gradient,182,0.9065934065934066,1.0,0.09340659340659341,0.0,0.0
TBF,REF-C_fixed_disjoint_four,Brenner Gradient,gradient,182,0.9065934065934066,1.0,0.09340659340659341,0.0,0.0
TBF,REF-C_fixed_disjoint_four,Variance of Laplacian,laplacian,182,0.11538461538461539,0.22527472527472528,4.582417582417582,5.0,7.0
TBF,REF-C_fixed_disjoint_four,Sum Modified Laplacian,laplacian,182,0.18681318681318682,0.3076923076923077,4.071428571428571,5.0,7.0
TBF,REF-C_fixed_disjoint_four,Energy of Gradient,gradient,182,0.9065934065934066,1.0,0.09340659340659341,0.0,0.0
TBF,REF-C_fixed_disjoint_four,Variance of Gradient,gradient,182,0.8681318681318682,1.0,0.13186813186813187,0.0,1.0
TBF,REF-C_fixed_disjoint_four,Fourier High Frequency Energy Ratio,frequency,182,0.19230769230769232,0.29120879120879123,4.027472527472527,5.0,7.0
TBF,REF-C_fixed_disjoint_four,Roberts Focus Measure,gradient,182,0.3076923076923077,0.4725274725274725,3.269230769230769,3.0,7.0
TBF,REF-C_fixed_disjoint_four,Wavelet W1,wavelet,182,0.0,0.0,6.043956043956044,6.0,7.0
TBF,REF-C_fixed_disjoint_four,Wavelet W2,wavelet,182,0.0,0.0,6.043956043956044,6.0,7.0
TBF,REF-C_fixed_disjoint_four,Wavelet W3,wavelet,182,0.0,0.0,6.043956043956044,6.0,7.0
TBF,REF-C_fixed_disjoint_four,Wavelet Detail Energy (db1),wavelet,182,0.0,0.0,6.043956043956044,6.0,7.0
TBF,REF-C_fixed_disjoint_four,Curvelet Transform Sharpness Index,wavelet_alias,182,0.0,0.0,6.043956043956044,6.0,7.0
TBF,REF-C_fixed_disjoint_four,DCT Focus Measure,frequency,182,0.4340659340659341,0.5824175824175825,2.6648351648351647,1.0,7.0
TBF,REF-C_fixed_disjoint_four,Intensity Skewness Index,statistical,182,0.01098901098901099,0.016483516483516484,6.038461538461538,6.0,7.0
TBF,REF-C_fixed_disjoint_four,Squared Gradient,gradient,182,0.9065934065934066,1.0,0.09340659340659341,0.0,0.0
TBF,REF-C_fixed_disjoint_four,Gradient Squared Energy,gradient,182,0.9065934065934066,1.0,0.09340659340659341,0.0,0.0
TBF,REF-C_fixed_disjoint_four,Mean Intensity,statistical,182,0.0,0.005494505494505495,5.934065934065934,6.0,7.0
TBF,REF-C_fixed_disjoint_four,Intensity Variance,statistical,182,0.945054945054945,0.9945054945054945,0.09340659340659341,0.0,0.0
TBF,REF-C_fixed_disjoint_four,Intensity Range Index,statistical,182,0.4725274725274725,0.989010989010989,0.5384615384615384,1.0,1.0
TBF,REF-C_fixed_disjoint_four,Maximal Intensity,statistical,182,0.47802197802197804,0.989010989010989,0.532967032967033,1.0,1.0
TBF,REF-C_fixed_disjoint_four,Laplacian Energy,laplacian,182,0.11538461538461539,0.22527472527472528,4.582417582417582,5.0,7.0
TBF,REF-C_fixed_disjoint_four,Mean Absolute Laplacian,laplacian,182,0.01098901098901099,0.01098901098901099,5.928571428571429,6.0,7.0
TBF,REF-C_fixed_disjoint_four,Spatial Frequency,gradient,182,0.19230769230769232,0.29120879120879123,4.214285714285714,5.0,7.0
TBF,REF-C_fixed_disjoint_four,Modified Tenengrad,gradient,182,0.9120879120879121,1.0,0.08791208791208792,0.0,0.0
TBF,REF-C_fixed_disjoint_four,Absolute Central Moment 2,statistical,182,0.945054945054945,0.9945054945054945,0.09340659340659341,0.0,0.0
TBF,REF-C_fixed_disjoint_four,Absolute Central Moment 4,statistical,182,0.9065934065934066,0.9945054945054945,0.12637362637362637,0.0,0.0
TBF,REF-C_fixed_disjoint_four,Image Power,statistical,182,0.3131868131868132,0.5164835164835165,2.730769230769231,1.0,6.900000000000006
