domain,comparison,n_stacks,exact_agreement,within_one_slice_agreement,mean_absolute_displacement,median_absolute_displacement,p90_absolute_displacement,max_absolute_displacement
WBC,REF-A_full_vs_REF-B_corrected_ten,25773,1.0,1.0,0.0,0.0,0.0,0
WBC,REF-B_corrected_ten_vs_REF-C_disjoint_four,25773,0.4936561517867536,0.658829007100454,0.9495596166530865,1.0,2.0,7
WBC,REF-A_full_vs_REF-C_disjoint_four,25773,0.4936561517867536,0.658829007100454,0.9495596166530865,1.0,2.0,7
WBC,REF-A_LOO_tenengrad_vs_REF-A_full,25773,0.9601520971559384,0.9994179955767664,0.040662709036588675,0.0,0.0,5
WBC,REF-A_LOO_brenner_gradient_vs_REF-A_full,25773,0.9715593838513172,0.9995731967562953,0.028983820277034104,0.0,0.0,4
WBC,REF-A_LOO_variance_of_laplacian_vs_REF-A_full,25773,0.9928995460365498,0.9998059985255888,0.007333255732743569,0.0,0.0,3
WBC,REF-A_LOO_sum_modified_laplacian_vs_REF-A_full,25773,0.9934815504597835,0.9998447988204711,0.006712451014627711,0.0,0.0,3
WBC,REF-A_LOO_normalized_variance_vs_REF-A_full,25773,0.9989523920381795,0.9998835991153533,0.0011640088464672331,0.0,0.0,2
WBC,REF-A_LOO_energy_of_gradient_vs_REF-A_full,25773,0.9601520971559384,0.9994179955767664,0.040662709036588675,0.0,0.0,5
WBC,REF-A_LOO_histogram_entropy_vs_REF-A_full,25773,0.9968183758196563,0.9998447988204711,0.003336825359872735,0.0,0.0,2
WBC,REF-A_LOO_glcm_contrast_vs_REF-A_full,25773,0.9851394870601017,0.9996507973460599,0.015326116478485237,0.0,0.0,4
WBC,REF-A_LOO_variance_of_gradient_vs_REF-A_full,25773,0.9873511038683894,0.9995731967562953,0.013192100259961976,0.0,0.0,5
WBC,REF-A_LOO_fourier_transform_sharpness_index_vs_REF-A_full,25773,0.9619757110154037,0.9995343964614131,0.038645093702712144,0.0,0.0,5
TBI,REF-A_full_vs_REF-B_corrected_ten,30,1.0,1.0,0.0,0.0,0.0,0
TBI,REF-B_corrected_ten_vs_REF-C_disjoint_four,30,1.0,1.0,0.0,0.0,0.0,0
TBI,REF-A_full_vs_REF-C_disjoint_four,30,1.0,1.0,0.0,0.0,0.0,0
TBI,REF-A_LOO_tenengrad_vs_REF-A_full,30,1.0,1.0,0.0,0.0,0.0,0
TBI,REF-A_LOO_brenner_gradient_vs_REF-A_full,30,1.0,1.0,0.0,0.0,0.0,0
TBI,REF-A_LOO_variance_of_laplacian_vs_REF-A_full,30,1.0,1.0,0.0,0.0,0.0,0
TBI,REF-A_LOO_sum_modified_laplacian_vs_REF-A_full,30,1.0,1.0,0.0,0.0,0.0,0
TBI,REF-A_LOO_normalized_variance_vs_REF-A_full,30,1.0,1.0,0.0,0.0,0.0,0
TBI,REF-A_LOO_energy_of_gradient_vs_REF-A_full,30,1.0,1.0,0.0,0.0,0.0,0
TBI,REF-A_LOO_histogram_entropy_vs_REF-A_full,30,1.0,1.0,0.0,0.0,0.0,0
TBI,REF-A_LOO_glcm_contrast_vs_REF-A_full,30,1.0,1.0,0.0,0.0,0.0,0
TBI,REF-A_LOO_variance_of_gradient_vs_REF-A_full,30,1.0,1.0,0.0,0.0,0.0,0
TBI,REF-A_LOO_fourier_transform_sharpness_index_vs_REF-A_full,30,1.0,1.0,0.0,0.0,0.0,0
PBS,REF-A_full_vs_REF-B_corrected_ten,77,1.0,1.0,0.0,0.0,0.0,0
PBS,REF-B_corrected_ten_vs_REF-C_disjoint_four,77,0.7142857142857143,0.7922077922077922,0.8181818181818182,0.0,3.0,8
PBS,REF-A_full_vs_REF-C_disjoint_four,77,0.7142857142857143,0.7922077922077922,0.8181818181818182,0.0,3.0,8
PBS,REF-A_LOO_tenengrad_vs_REF-A_full,77,0.974025974025974,0.974025974025974,0.11688311688311688,0.0,0.0,6
PBS,REF-A_LOO_brenner_gradient_vs_REF-A_full,77,0.961038961038961,0.961038961038961,0.15584415584415584,0.0,0.0,6
PBS,REF-A_LOO_variance_of_laplacian_vs_REF-A_full,77,0.948051948051948,0.961038961038961,0.15584415584415584,0.0,0.0,6
PBS,REF-A_LOO_sum_modified_laplacian_vs_REF-A_full,77,0.948051948051948,0.961038961038961,0.15584415584415584,0.0,0.0,6
PBS,REF-A_LOO_normalized_variance_vs_REF-A_full,77,0.987012987012987,0.987012987012987,0.07792207792207792,0.0,0.0,6
PBS,REF-A_LOO_energy_of_gradient_vs_REF-A_full,77,0.974025974025974,0.974025974025974,0.11688311688311688,0.0,0.0,6
PBS,REF-A_LOO_histogram_entropy_vs_REF-A_full,77,0.948051948051948,0.961038961038961,0.15584415584415584,0.0,0.0,6
PBS,REF-A_LOO_glcm_contrast_vs_REF-A_full,77,0.948051948051948,0.961038961038961,0.15584415584415584,0.0,0.0,6
PBS,REF-A_LOO_variance_of_gradient_vs_REF-A_full,77,0.974025974025974,0.974025974025974,0.11688311688311688,0.0,0.0,6
PBS,REF-A_LOO_fourier_transform_sharpness_index_vs_REF-A_full,77,0.974025974025974,0.974025974025974,0.11688311688311688,0.0,0.0,6
BMA,REF-A_full_vs_REF-B_corrected_ten,38,1.0,1.0,0.0,0.0,0.0,0
BMA,REF-B_corrected_ten_vs_REF-C_disjoint_four,38,0.9473684210526315,1.0,0.05263157894736842,0.0,0.0,1
BMA,REF-A_full_vs_REF-C_disjoint_four,38,0.9473684210526315,1.0,0.05263157894736842,0.0,0.0,1
BMA,REF-A_LOO_tenengrad_vs_REF-A_full,38,1.0,1.0,0.0,0.0,0.0,0
BMA,REF-A_LOO_brenner_gradient_vs_REF-A_full,38,1.0,1.0,0.0,0.0,0.0,0
BMA,REF-A_LOO_variance_of_laplacian_vs_REF-A_full,38,1.0,1.0,0.0,0.0,0.0,0
BMA,REF-A_LOO_sum_modified_laplacian_vs_REF-A_full,38,1.0,1.0,0.0,0.0,0.0,0
BMA,REF-A_LOO_normalized_variance_vs_REF-A_full,38,1.0,1.0,0.0,0.0,0.0,0
BMA,REF-A_LOO_energy_of_gradient_vs_REF-A_full,38,1.0,1.0,0.0,0.0,0.0,0
BMA,REF-A_LOO_histogram_entropy_vs_REF-A_full,38,1.0,1.0,0.0,0.0,0.0,0
BMA,REF-A_LOO_glcm_contrast_vs_REF-A_full,38,1.0,1.0,0.0,0.0,0.0,0
BMA,REF-A_LOO_variance_of_gradient_vs_REF-A_full,38,1.0,1.0,0.0,0.0,0.0,0
BMA,REF-A_LOO_fourier_transform_sharpness_index_vs_REF-A_full,38,1.0,1.0,0.0,0.0,0.0,0
TBF,REF-A_full_vs_REF-B_corrected_ten,182,1.0,1.0,0.0,0.0,0.0,0
TBF,REF-B_corrected_ten_vs_REF-C_disjoint_four,182,0.9175824175824175,1.0,0.08241758241758242,0.0,0.0,1
TBF,REF-A_full_vs_REF-C_disjoint_four,182,0.9175824175824175,1.0,0.08241758241758242,0.0,0.0,1
TBF,REF-A_LOO_tenengrad_vs_REF-A_full,182,0.9615384615384616,0.978021978021978,0.17032967032967034,0.0,0.0,7
TBF,REF-A_LOO_brenner_gradient_vs_REF-A_full,182,0.9615384615384616,0.9725274725274725,0.2087912087912088,0.0,0.0,8
TBF,REF-A_LOO_variance_of_laplacian_vs_REF-A_full,182,1.0,1.0,0.0,0.0,0.0,0
TBF,REF-A_LOO_sum_modified_laplacian_vs_REF-A_full,182,1.0,1.0,0.0,0.0,0.0,0
TBF,REF-A_LOO_normalized_variance_vs_REF-A_full,182,0.989010989010989,0.9945054945054945,0.04945054945054945,0.0,0.0,8
TBF,REF-A_LOO_energy_of_gradient_vs_REF-A_full,182,0.9615384615384616,0.978021978021978,0.17032967032967034,0.0,0.0,7
TBF,REF-A_LOO_histogram_entropy_vs_REF-A_full,182,1.0,1.0,0.0,0.0,0.0,0
TBF,REF-A_LOO_glcm_contrast_vs_REF-A_full,182,1.0,1.0,0.0,0.0,0.0,0
TBF,REF-A_LOO_variance_of_gradient_vs_REF-A_full,182,0.967032967032967,0.989010989010989,0.1043956043956044,0.0,0.0,8
TBF,REF-A_LOO_fourier_transform_sharpness_index_vs_REF-A_full,182,0.9560439560439561,0.978021978021978,0.1813186813186813,0.0,0.0,8
