resolution,operator,equal_domain_macro_median_kernel_ms,slice_weighted_micro_median_kernel_ms,equal_domain_macro_median_combined_ms,slice_weighted_micro_median_combined_ms
native,Tenengrad,21.2491196,0.5271332173529917,29.363873800000004,0.7239137569818229
native,Brenner Gradient,11.083782600000001,0.27000108359495695,18.686524000000002,0.47035023254687297
native,Variance of Laplacian,13.0490396,0.3338948036468367,19.7177206,0.5113508534971104
native,Sum Modified Laplacian,26.688581,0.686405524534132,32.5179204,0.8345391863205478
native,Normalized Variance,14.296479999999999,0.3756589514810506,19.144993399999997,0.5156089777871026
native,Energy of Gradient,23.4035132,0.5901550081443476,28.9758184,0.6920533728203856
native,Histogram Entropy,43.9329144,1.0838903495660799,48.938140600000004,1.229930871727479
native,GLCM Contrast,1142.8256306,33.3527167277728,1139.980044,33.17710892584257
native,Variance of Gradient,29.103124,0.7209385260790784,35.9200004,0.9052924483930649
native,Fourier Transform Sharpness Index,161.01985580000002,3.8639733212611342,166.7115656,4.035912626668447
native,Fourier High Frequency Energy Ratio,171.1518524,4.15786861297755,175.2670248,4.283070924183181
native,Roberts Focus Measure,22.7925212,0.5777642089378017,30.5072894,0.7742179387247515
native,Wavelet W1,108.8992454,2.5554051136775446,113.48193060000001,2.689331855141239
native,Wavelet W2,122.48313560000001,2.9497095955215626,125.2593358,3.0401510765187205
native,Wavelet W3,112.07941259999998,2.8643366648114594,117.4580138,3.0313262631139257
native,Wavelet Detail Energy (db1),112.7360838,2.614623617085964,117.951849,2.77816280601194
native,Curvelet Transform Sharpness Index,111.72666139999998,2.6216311960785057,117.25276679999997,2.7761037267771655
native,DCT Focus Measure,59.30723700000001,1.498470250594137,64.36045700000001,1.6334978797459423
native,Intensity Skewness Index,44.0738488,1.2567771290697898,50.179148,1.4325579518739628
native,Squared Gradient,23.6644828,0.5913273244235061,30.5220864,0.7499522116767436
native,Gradient Squared Energy,24.019198199999998,0.5857231669343302,30.800281600000005,0.7637759972152818
native,Mean Intensity,6.3302278,0.16165166294226477,12.1606998,0.31892180650403407
native,Intensity Variance,17.5767832,0.40599247111331516,23.4933008,0.5761311489557306
native,Intensity Range Index,7.4120854,0.18656867218905568,13.789783199999999,0.3559466480268554
native,Maximal Intensity,4.737334,0.11748957503290162,11.9767418,0.3102223380495526
native,Laplacian Energy,127.906837,2.96321372467909,133.21907860000002,3.1450615905586603
native,Mean Absolute Laplacian,128.96107999999998,2.9916557066280114,134.0892802,3.1506704784756527
native,Spatial Frequency,39.343321,0.9359785247706421,45.1457846,1.1209703632302734
native,Modified Tenengrad,288.18358,6.825124777104274,294.061336,7.002277119533083
native,Absolute Central Moment 2,24.3790576,0.5778785686394934,30.449060600000003,0.7394297620782392
native,Absolute Central Moment 4,78.6779424,2.1344080048370175,84.3930322,2.328692791020237
native,Image Power,13.1720936,0.3110284112609434,19.2294308,0.47140555436876536
128,Tenengrad,0.0414978,0.04273191878159034,8.144889599999999,0.3083951362223197
128,Brenner Gradient,0.021072800000000003,0.019167499361040646,8.0683978,0.27673243706345724
128,Variance of Laplacian,0.039898,0.039645595956436325,7.7342516,0.321137279459841
128,Sum Modified Laplacian,0.058174199999999995,0.0584591002536764,8.1862766,0.33148332847851375
128,Normalized Variance,0.039626400000000006,0.03503615667283373,7.936854000000001,0.298918504671079
128,Energy of Gradient,0.0425684,0.04122544551297946,8.1588086,0.31909845048351104
128,Histogram Entropy,0.08680279999999999,0.08322642857960288,8.0015364,0.34482746067634323
128,GLCM Contrast,3.4385559999999997,3.9283569286196562,11.5302648,4.227805393469264
128,Variance of Gradient,0.06369,0.05842327807129643,8.143206000000001,0.3367142120276946
128,Fourier Transform Sharpness Index,0.20426960000000002,0.21714004701596443,8.356366,0.5139781444734783
128,Fourier High Frequency Energy Ratio,0.27329400000000004,0.26081475753495204,8.4798046,0.550230874817372
128,Roberts Focus Measure,0.0378926,0.03834367115527666,7.9423434,0.29449426249213223
128,Wavelet W1,0.13474559999999997,0.13299136650327115,8.1931254,0.40828277597131357
128,Wavelet W2,0.1786766,0.18534982520742338,8.2806168,0.45519953903755556
128,Wavelet W3,0.20378960000000004,0.21100113209483304,8.156429000000001,0.4905832131797288
128,Wavelet Detail Energy (db1),0.13368760000000002,0.13610901551049992,8.212172599999999,0.4115735665986381
128,Curvelet Transform Sharpness Index,0.1348728,0.14088251724808787,8.2969458,0.4418512075835892
128,DCT Focus Measure,0.0977832,0.10606915499818803,8.3048732,0.4180906626866811
128,Intensity Skewness Index,0.1364936,0.15675244037841654,7.8656788,0.4204567599000554
128,Squared Gradient,0.041737,0.040612327986419734,7.942956799999999,0.30319087046481913
128,Gradient Squared Energy,0.0417922,0.03889163869995613,8.142805200000002,0.3015821978866658
128,Mean Intensity,0.013206200000000001,0.01028568082549734,7.9460011999999995,0.2718171678498541
128,Intensity Variance,0.0297574,0.025437591806061532,8.1049308,0.3009849994964619
128,Intensity Range Index,0.0139958,0.012346952621640695,7.8681842,0.2660152571935379
128,Maximal Intensity,0.011108200000000002,0.008572046840489041,8.130173,0.26595490164603564
128,Laplacian Energy,0.1558648,0.157630796200576,8.194729200000001,0.434479249438288
128,Mean Absolute Laplacian,0.1584502,0.1614049668084457,8.3979574,0.4499156854488928
128,Spatial Frequency,0.041423600000000005,0.04203135488756223,7.311810799999999,0.31675872457990806
128,Modified Tenengrad,0.36872560000000004,0.36814145006771065,8.472050800000002,0.6595999814148659
128,Absolute Central Moment 2,0.028231600000000003,0.026531081000972748,7.9029628,0.2961978476377577
128,Absolute Central Moment 4,0.1875306,0.21162610649068267,8.569346600000001,0.48420214992847466
128,Image Power,0.0147848,0.012929438799137882,8.016464800000001,0.28649805857445304
512,Tenengrad,0.5867150000000001,0.7086438912624692,8.472103800000001,1.0545640168647121
512,Brenner Gradient,0.3138538,0.36057551727479065,8.1732686,0.7184349581987067
512,Variance of Laplacian,0.40305099999999994,0.3159420058326498,8.386790600000001,0.5799809840126647
512,Sum Modified Laplacian,0.7476708000000001,0.8592926611188464,8.74348,1.2458397050372885
512,Normalized Variance,0.3647694,0.4473465836388258,7.9932064,0.804810130809285
512,Energy of Gradient,0.5853942,0.7075042509031261,8.552281599999999,1.1131775043124987
512,Histogram Entropy,1.1865716,1.6738816681073452,9.0880728,2.078216710492285
512,GLCM Contrast,54.933905200000005,64.01073106613514,63.0692662,64.36190707256671
512,Variance of Gradient,0.7375079999999999,1.0047906521200098,8.645763400000002,1.3335740527532474
512,Fourier Transform Sharpness Index,3.1241786,3.9319823385836083,11.2716354,4.294819788704725
512,Fourier High Frequency Energy Ratio,3.697873199999999,4.197977274668601,11.8216524,4.641808294592687
512,Roberts Focus Measure,0.6173464000000001,0.7357808743748688,8.413920399999999,1.0958749922600088
512,Wavelet W1,1.9372631999999999,2.215712903717408,9.857424,2.667704311972381
512,Wavelet W2,2.3546154,2.6128004379904253,10.368828,3.02737203402697
512,Wavelet W3,2.4454306,2.752428961422114,10.390004000000001,3.1541064185393584
512,Wavelet Detail Energy (db1),1.9700304,2.2826297441835623,9.913119,2.71500854217704
512,Curvelet Transform Sharpness Index,1.9562821999999997,2.1847216841290122,10.108893400000001,2.6082031416544282
512,DCT Focus Measure,1.4762276,1.6054126115966352,9.4844972,1.9930955761391596
512,Intensity Skewness Index,1.7595076000000003,2.208194991027866,9.385881999999999,2.7528679138415764
512,Squared Gradient,0.5414766,0.6978360683133381,7.6831616,1.0529321436571362
512,Gradient Squared Energy,0.5751461999999999,0.7013601951172062,8.4356338,1.0449549688912625
512,Mean Intensity,0.150394,0.1484547535257205,7.883819600000001,0.49749485943275673
512,Intensity Variance,0.40235519999999997,0.5189040883633104,8.3391356,0.8684348363920731
512,Intensity Range Index,0.17486059999999998,0.17880401520913994,8.015656199999999,0.5355217764100021
512,Maximal Intensity,0.1462874,0.1330754211409716,8.234283600000001,0.4873230730931355
512,Laplacian Energy,2.7078222,3.0571021664841975,10.6699326,3.5025432973507025
512,Mean Absolute Laplacian,2.698468,3.09631772329436,10.678115600000002,3.4801714921856224
512,Spatial Frequency,0.8106772000000001,0.9913562325163554,8.807559600000001,1.3719849747239123
512,Modified Tenengrad,6.3641992,8.144004518674778,14.370073999999999,8.44375808808484
512,Absolute Central Moment 2,0.5277108,0.7446764684888134,8.3628118,1.0964752024566558
512,Absolute Central Moment 4,3.1043344,3.8467710467985277,11.0350322,4.247649884071793
512,Image Power,0.2888642,0.3858382828816113,7.991956399999999,0.7365472416372618
1024,Tenengrad,2.344146,2.8277207472505674,10.7532034,3.622386834202445
1024,Brenner Gradient,1.432277,1.667888201548761,9.9573724,2.5319702941730715
1024,Variance of Laplacian,1.8147867999999998,2.0469120389593547,10.323547399999999,2.970274051990311
1024,Sum Modified Laplacian,2.9156266000000004,2.55492717859963,11.1472132,3.2266786832974117
1024,Normalized Variance,1.7402406000000004,1.8987561410059317,10.2499462,2.6931189302408973
1024,Energy of Gradient,2.3803066,2.9042119489671747,10.984703200000002,3.9096080630338172
1024,Histogram Entropy,4.739517,6.022224651391404,13.1266684,6.827782689435236
1024,GLCM Contrast,220.92841800000002,261.3456048979573,229.45728880000001,262.3185823669953
1024,Variance of Gradient,3.2813402,4.1450296490644485,11.8516612,5.054769810150871
1024,Fourier Transform Sharpness Index,19.854618199999997,24.46216448295409,29.028270600000003,25.56039742528753
1024,Fourier High Frequency Energy Ratio,20.510754400000003,26.306194255057314,29.8012294,27.72229785957008
1024,Roberts Focus Measure,2.5711914,3.101926143550325,11.1071068,4.060694926391882
1024,Wavelet W1,11.9618854,16.06610974158576,20.423921200000002,17.214733705540823
1024,Wavelet W2,14.728217600000002,17.901027155707716,23.642238799999998,18.96560293722558
1024,Wavelet W3,15.0099042,18.088089652394668,23.9907464,19.26061521867669
1024,Wavelet Detail Energy (db1),12.939533,15.847562038844915,21.824846200000003,17.265410631505464
1024,Curvelet Transform Sharpness Index,13.2059892,15.517421182170173,22.3466064,16.64667719352267
1024,DCT Focus Measure,8.0294314,14.683867164996474,16.5158362,15.903785058715597
1024,Intensity Skewness Index,7.896210399999999,9.546183333647408,16.283809400000003,10.408478806412482
1024,Squared Gradient,2.5135650000000003,3.1465164861774975,11.0338166,4.039252356695722
1024,Gradient Squared Energy,2.4324356000000003,2.691757081855462,10.9902408,3.5852036889622156
1024,Mean Intensity,0.6515601999999999,0.6796130451086233,8.1742344,1.5385403937401056
1024,Intensity Variance,1.6465055999999998,1.848579798329169,10.408313999999999,2.9474302291861374
1024,Intensity Range Index,0.816367,0.8850922394628928,9.2247024,1.9581068777241604
1024,Maximal Intensity,0.6585705999999999,0.6436513365732706,9.0431668,1.4208402114821947
1024,Laplacian Energy,10.9336378,10.705283416681606,19.6314476,11.166120645165844
1024,Mean Absolute Laplacian,11.7120722,14.388563523454577,20.2962054,15.189775521776118
1024,Spatial Frequency,3.6206042000000003,4.875269195281238,12.0606984,5.973062148772625
1024,Modified Tenengrad,27.318609,32.805441926689426,36.2760332,33.90087763314196
1024,Absolute Central Moment 2,2.3388055999999997,3.038316624627592,10.799216000000001,3.9750904330008203
1024,Absolute Central Moment 4,12.533111200000002,15.120413766251504,21.12484,15.971465174041084
1024,Image Power,1.2168847999999999,1.4079149883881057,9.504657599999998,2.2306535003528585
