domain,operator,S
WBC,Tenengrad,0.12126386212523257
WBC,Brenner Gradient,0.12113262724448352
WBC,Variance of Laplacian,0.11756498797253834
WBC,Sum Modified Laplacian,0.12151354278080527
WBC,Normalized Variance,0.3181527356810565
WBC,Energy of Gradient,0.12124855274402185
WBC,Histogram Entropy,0.3326003234833088
WBC,GLCM Contrast,0.22626245362886632
WBC,Variance of Gradient,0.12220241549402644
WBC,Fourier Transform Sharpness Index,0.1487119440829541
WBC,Fourier High Frequency Energy Ratio,0.11756409194026447
WBC,Roberts Focus Measure,0.11790700972075915
WBC,Wavelet W1,0.1535881281544865
WBC,Wavelet W2,0.15452532673813116
WBC,Wavelet W3,0.15464460975084382
WBC,Wavelet Detail Energy (db1),0.1535783221913752
WBC,Curvelet Transform Sharpness Index,0.15366390803707752
WBC,DCT Focus Measure,0.17700586460479625
WBC,Intensity Skewness Index,0.3409727906116428
WBC,Squared Gradient,0.12124863538575578
WBC,Gradient Squared Energy,0.12121904964500849
WBC,Mean Intensity,0.3344630357548227
WBC,Intensity Variance,0.3180524169443051
WBC,Intensity Range Index,0.30963253752237896
WBC,Maximal Intensity,0.6180067618663001
WBC,Laplacian Energy,0.12007073329702059
WBC,Mean Absolute Laplacian,0.16133271759024614
WBC,Spatial Frequency,0.13720877516777316
WBC,Modified Tenengrad,0.1282450207149293
WBC,Absolute Central Moment 2,0.31817291892259325
WBC,Absolute Central Moment 4,0.2822919535150015
WBC,Image Power,0.27688265240312343
TBI,Tenengrad,0.17551857550204056
TBI,Brenner Gradient,0.18546106793262776
TBI,Variance of Laplacian,0.4863293994542653
TBI,Sum Modified Laplacian,0.48475558607957814
TBI,Normalized Variance,0.13942236212100553
TBI,Energy of Gradient,0.1755067528456498
TBI,Histogram Entropy,0.19855655352536314
TBI,GLCM Contrast,0.6595894860964984
TBI,Variance of Gradient,0.17680980536634838
TBI,Fourier Transform Sharpness Index,0.16062525332787098
TBI,Fourier High Frequency Energy Ratio,0.3246079115395408
TBI,Roberts Focus Measure,0.19506366020608681
TBI,Wavelet W1,0.22530318287182421
TBI,Wavelet W2,0.22621732644699308
TBI,Wavelet W3,0.22316945894739038
TBI,Wavelet Detail Energy (db1),0.2255037005108254
TBI,Curvelet Transform Sharpness Index,0.2253547744174149
TBI,DCT Focus Measure,0.150424227828488
TBI,Intensity Skewness Index,0.6765866972630247
TBI,Squared Gradient,0.1755415028128597
TBI,Gradient Squared Energy,0.17548974356893768
TBI,Mean Intensity,0.557829594245772
TBI,Intensity Variance,0.14134838450694026
TBI,Intensity Range Index,0.3493491604887001
TBI,Maximal Intensity,0.4337516585925473
TBI,Laplacian Energy,0.4964420905604734
TBI,Mean Absolute Laplacian,0.5446829616247388
TBI,Spatial Frequency,0.20825327799550217
TBI,Modified Tenengrad,0.20443018220281178
TBI,Absolute Central Moment 2,0.14193946206976715
TBI,Absolute Central Moment 4,0.14596349866064437
TBI,Image Power,0.5683738094096734
PBS,Tenengrad,0.16500436508928584
PBS,Brenner Gradient,0.16820331901857458
PBS,Variance of Laplacian,0.4789179844028347
PBS,Sum Modified Laplacian,0.46019205798340573
PBS,Normalized Variance,0.33673903723611365
PBS,Energy of Gradient,0.16582844829330737
PBS,Histogram Entropy,0.6059497743698229
PBS,GLCM Contrast,0.3221109438316699
PBS,Variance of Gradient,0.13551571134198528
PBS,Fourier Transform Sharpness Index,0.24188199910143204
PBS,Fourier High Frequency Energy Ratio,0.25844082225677023
PBS,Roberts Focus Measure,0.17705938391314227
PBS,Wavelet W1,0.2750316419545027
PBS,Wavelet W2,0.2766903087902576
PBS,Wavelet W3,0.27629045708087274
PBS,Wavelet Detail Energy (db1),0.2757211846408313
PBS,Curvelet Transform Sharpness Index,0.2754274170132662
PBS,DCT Focus Measure,0.2450987445783607
PBS,Intensity Skewness Index,0.40780984999010667
PBS,Squared Gradient,0.16562296926412062
PBS,Gradient Squared Energy,0.16595055738337547
PBS,Mean Intensity,0.41617700556347176
PBS,Intensity Variance,0.3595683516888895
PBS,Intensity Range Index,0.37187498104976535
PBS,Maximal Intensity,0.4179422365739401
PBS,Laplacian Energy,0.4889764808999524
PBS,Mean Absolute Laplacian,0.4759842530168954
PBS,Spatial Frequency,0.20901139976344382
PBS,Modified Tenengrad,0.1783202602357207
PBS,Absolute Central Moment 2,0.36019670273560284
PBS,Absolute Central Moment 4,0.35451602712367275
PBS,Image Power,0.37006350928746945
BMA,Tenengrad,0.14225666343057342
BMA,Brenner Gradient,0.14028458222204765
BMA,Variance of Laplacian,0.2514745357856599
BMA,Sum Modified Laplacian,0.2581560655989032
BMA,Normalized Variance,0.3398044678920445
BMA,Energy of Gradient,0.14202060669059946
BMA,Histogram Entropy,0.4680192622501795
BMA,GLCM Contrast,0.29544774267340024
BMA,Variance of Gradient,0.14213347966525428
BMA,Fourier Transform Sharpness Index,0.17911001780302593
BMA,Fourier High Frequency Energy Ratio,0.18007897751912508
BMA,Roberts Focus Measure,0.14292287623746985
BMA,Wavelet W1,0.15840271877813009
BMA,Wavelet W2,0.15937248720126856
BMA,Wavelet W3,0.15949659534414065
BMA,Wavelet Detail Energy (db1),0.15882392330003503
BMA,Curvelet Transform Sharpness Index,0.15877538692083776
BMA,DCT Focus Measure,0.1853758218766771
BMA,Intensity Skewness Index,0.39937583188152664
BMA,Squared Gradient,0.14224431920211691
BMA,Gradient Squared Energy,0.14224550386867701
BMA,Mean Intensity,0.4018243085888307
BMA,Intensity Variance,0.34253175119505647
BMA,Intensity Range Index,0.3462722965553083
BMA,Maximal Intensity,0.5042114831718865
BMA,Laplacian Energy,0.2616581414604806
BMA,Mean Absolute Laplacian,0.2782932217965226
BMA,Spatial Frequency,0.15024461491612298
BMA,Modified Tenengrad,0.16508274902206327
BMA,Absolute Central Moment 2,0.3429423162512766
BMA,Absolute Central Moment 4,0.36111745263315403
BMA,Image Power,0.31729471063918185
TBF,Tenengrad,0.1430952941272682
TBF,Brenner Gradient,0.15368667418484774
TBF,Variance of Laplacian,0.4834896278453472
TBF,Sum Modified Laplacian,0.5128614401934561
TBF,Normalized Variance,0.27824390396711635
TBF,Energy of Gradient,0.14328259453741926
TBF,Histogram Entropy,0.19122370689615154
TBF,GLCM Contrast,0.7213275874284848
TBF,Variance of Gradient,0.14059648110135103
TBF,Fourier Transform Sharpness Index,0.17131328131159587
TBF,Fourier High Frequency Energy Ratio,0.5050969954018686
TBF,Roberts Focus Measure,0.49412815339102956
TBF,Wavelet W1,0.4801685461987072
TBF,Wavelet W2,0.48141527842464416
TBF,Wavelet W3,0.48122493017436824
TBF,Wavelet Detail Energy (db1),0.48024100071305875
TBF,Curvelet Transform Sharpness Index,0.48038035572023
TBF,DCT Focus Measure,0.4323467556724095
TBF,Intensity Skewness Index,0.3930597754016882
TBF,Squared Gradient,0.14332430694699105
TBF,Gradient Squared Energy,0.14317726190518185
TBF,Mean Intensity,0.4599677045671484
TBF,Intensity Variance,0.27065270475590003
TBF,Intensity Range Index,0.21960459964446194
TBF,Maximal Intensity,0.23366079814820565
TBF,Laplacian Energy,0.4935484101574279
TBF,Mean Absolute Laplacian,0.45821047110573193
TBF,Spatial Frequency,0.4826083742891071
TBF,Modified Tenengrad,0.16382382089735126
TBF,Absolute Central Moment 2,0.27141360105456375
TBF,Absolute Central Moment 4,0.2552130578962446
TBF,Image Power,0.4420448124589817
