domain,operator,family,criterion,raw_value,normalized_value,unit,sample_count,reference_tier,runtime_protocol,candidate_pool,axial_step_um,raw_value_um,physical_unit_status
WBC,Tenengrad,gradient,range_around_global_maximum,1.3655763783804755,0.0130158701484044,slices,25773,not_reference_dependent,not_applicable,frozen_32,0.4,0.5462305513521902,converted from slices using verified dataset axial step
WBC,Tenengrad,gradient,fwhm,4.553369805610522,0.0425157909787463,slices,25773,not_reference_dependent,not_applicable,frozen_32,0.4,1.821347922244209,converted from slices using verified dataset axial step
WBC,Brenner Gradient,gradient,range_around_global_maximum,1.3567299111473248,0.0109564541915437,slices,25773,not_reference_dependent,not_applicable,frozen_32,0.4,0.54269196445893,converted from slices using verified dataset axial step
WBC,Brenner Gradient,gradient,fwhm,4.506615450277423,0.0323809684012213,slices,25773,not_reference_dependent,not_applicable,frozen_32,0.4,1.8026461801109694,converted from slices using verified dataset axial step
WBC,Variance of Laplacian,laplacian,range_around_global_maximum,1.3158732006363247,0.001445204180253,slices,25773,not_reference_dependent,not_applicable,frozen_32,0.4,0.5263492802545299,converted from slices using verified dataset axial step
WBC,Variance of Laplacian,laplacian,fwhm,4.3572343149807935,0.0,slices,25773,not_reference_dependent,not_applicable,frozen_32,0.4,1.7428937259923174,converted from slices using verified dataset axial step
WBC,Sum Modified Laplacian,laplacian,range_around_global_maximum,1.3228572537151282,0.0030710588830378,slices,25773,not_reference_dependent,not_applicable,frozen_32,0.4,0.5291429014860513,converted from slices using verified dataset axial step
WBC,Sum Modified Laplacian,laplacian,fwhm,4.42296201451131,0.0142476260965374,slices,25773,not_reference_dependent,not_applicable,frozen_32,0.4,1.7691848058045243,converted from slices using verified dataset axial step
WBC,Normalized Variance,statistical,range_around_global_maximum,2.5517401932254686,0.2891492263641373,slices,25773,not_reference_dependent,not_applicable,frozen_32,0.4,1.0206960772901874,converted from slices using verified dataset axial step
WBC,Normalized Variance,statistical,fwhm,5.454079851006868,0.2377604144763956,slices,25773,not_reference_dependent,not_applicable,frozen_32,0.4,2.181631940402747,converted from slices using verified dataset axial step
WBC,Energy of Gradient,gradient,range_around_global_maximum,1.3655763783804755,0.0130158701484044,slices,25773,not_reference_dependent,not_applicable,frozen_32,0.4,0.5462305513521902,converted from slices using verified dataset axial step
WBC,Energy of Gradient,gradient,fwhm,4.553369805610522,0.0425157909787463,slices,25773,not_reference_dependent,not_applicable,frozen_32,0.4,1.821347922244209,converted from slices using verified dataset axial step
WBC,Histogram Entropy,entropy,range_around_global_maximum,1.9856438908935707,0.1573646701773085,slices,25773,not_reference_dependent,not_applicable,frozen_32,0.4,0.7942575563574283,converted from slices using verified dataset axial step
WBC,Histogram Entropy,entropy,fwhm,6.334419741590036,0.4285894513738783,slices,25773,not_reference_dependent,not_applicable,frozen_32,0.4,2.5337678966360144,converted from slices using verified dataset axial step
WBC,GLCM Contrast,texture,range_around_global_maximum,1.3623559539052497,0.0122661704798981,slices,25773,not_reference_dependent,not_applicable,frozen_32,0.4,0.5449423815620998,converted from slices using verified dataset axial step
WBC,GLCM Contrast,texture,fwhm,4.614713071819346,0.055813014626105,slices,25773,not_reference_dependent,not_applicable,frozen_32,0.4,1.8458852287277385,converted from slices using verified dataset axial step
WBC,Variance of Gradient,gradient,range_around_global_maximum,1.4349513056299228,0.0291660268627327,slices,25773,not_reference_dependent,not_applicable,frozen_32,0.4,0.5739805222519692,converted from slices using verified dataset axial step
WBC,Variance of Gradient,gradient,fwhm,4.81527179606565,0.0992876186951731,slices,25773,not_reference_dependent,not_applicable,frozen_32,0.4,1.92610871842626,converted from slices using verified dataset axial step
WBC,Fourier Transform Sharpness Index,frequency,range_around_global_maximum,1.5490241725837115,0.0557216536748832,slices,25773,not_reference_dependent,not_applicable,frozen_32,0.4,0.6196096690334847,converted from slices using verified dataset axial step
WBC,Fourier Transform Sharpness Index,frequency,fwhm,5.388313351181469,0.2235043777387151,slices,25773,not_reference_dependent,not_applicable,frozen_32,0.4,2.155325340472588,converted from slices using verified dataset axial step
WBC,Fourier High Frequency Energy Ratio,frequency,range_around_global_maximum,1.3096651534551662,0.0,slices,25773,not_reference_dependent,not_applicable,frozen_32,0.4,0.5238660613820665,converted from slices using verified dataset axial step
WBC,Fourier High Frequency Energy Ratio,frequency,fwhm,4.397470220773678,0.0087218348654718,slices,25773,not_reference_dependent,not_applicable,frozen_32,0.4,1.7589880883094713,converted from slices using verified dataset axial step
WBC,Roberts Focus Measure,gradient,range_around_global_maximum,1.345827028285415,0.0084183143499742,slices,25773,not_reference_dependent,not_applicable,frozen_32,0.4,0.538330811314166,converted from slices using verified dataset axial step
WBC,Roberts Focus Measure,gradient,fwhm,4.463702324137664,0.0230787992968705,slices,25773,not_reference_dependent,not_applicable,frozen_32,0.4,1.7854809296550656,converted from slices using verified dataset axial step
WBC,Wavelet W1,wavelet,range_around_global_maximum,1.328328095293524,0.0043446450668858,slices,25773,not_reference_dependent,not_applicable,frozen_32,0.4,0.5313312381174096,converted from slices using verified dataset axial step
WBC,Wavelet W1,wavelet,fwhm,4.91483335273348,0.1208693238685585,slices,25773,not_reference_dependent,not_applicable,frozen_32,0.4,1.9659333410933924,converted from slices using verified dataset axial step
WBC,Wavelet W2,wavelet,range_around_global_maximum,1.328328095293524,0.0043446450668858,slices,25773,not_reference_dependent,not_applicable,frozen_32,0.4,0.5313312381174096,converted from slices using verified dataset axial step
WBC,Wavelet W2,wavelet,fwhm,4.91483335273348,0.1208693238685585,slices,25773,not_reference_dependent,not_applicable,frozen_32,0.4,1.9659333410933924,converted from slices using verified dataset axial step
WBC,Wavelet W3,wavelet,range_around_global_maximum,1.328328095293524,0.0043446450668858,slices,25773,not_reference_dependent,not_applicable,frozen_32,0.4,0.5313312381174096,converted from slices using verified dataset axial step
WBC,Wavelet W3,wavelet,fwhm,4.91483335273348,0.1208693238685585,slices,25773,not_reference_dependent,not_applicable,frozen_32,0.4,1.9659333410933924,converted from slices using verified dataset axial step
WBC,Wavelet Detail Energy (db1),wavelet,range_around_global_maximum,1.3283668955884065,0.0043536775930124,slices,25773,not_reference_dependent,not_applicable,frozen_32,0.4,0.5313467582353626,converted from slices using verified dataset axial step
WBC,Wavelet Detail Energy (db1),wavelet,fwhm,4.914794552438599,0.1208609132274154,slices,25773,not_reference_dependent,not_applicable,frozen_32,0.4,1.9659178209754398,converted from slices using verified dataset axial step
WBC,Curvelet Transform Sharpness Index,wavelet_alias,range_around_global_maximum,1.3283668955884065,0.0043536775930124,slices,25773,not_reference_dependent,not_applicable,frozen_32,0.4,0.5313467582353626,converted from slices using verified dataset axial step
WBC,Curvelet Transform Sharpness Index,wavelet_alias,fwhm,4.914794552438599,0.1208609132274154,slices,25773,not_reference_dependent,not_applicable,frozen_32,0.4,1.9659178209754398,converted from slices using verified dataset axial step
WBC,DCT Focus Measure,frequency,range_around_global_maximum,1.6668606681410778,0.0831534355213122,slices,25773,not_reference_dependent,not_applicable,frozen_32,0.4,0.6667442672564312,converted from slices using verified dataset axial step
WBC,DCT Focus Measure,frequency,fwhm,5.448609009428472,0.236574514075208,slices,25773,not_reference_dependent,not_applicable,frozen_32,0.4,2.179443603771389,converted from slices using verified dataset axial step
WBC,Intensity Skewness Index,statistical,range_around_global_maximum,2.3228960540100103,0.2358753872695576,slices,25773,not_reference_dependent,not_applicable,frozen_32,0.4,0.9291584216040042,converted from slices using verified dataset axial step
WBC,Intensity Skewness Index,statistical,fwhm,5.6295347844643615,0.2757933337258299,slices,25773,not_reference_dependent,not_applicable,frozen_32,0.4,2.2518139137857447,converted from slices using verified dataset axial step
WBC,Squared Gradient,gradient,range_around_global_maximum,1.3655763783804755,0.0130158701484044,slices,25773,not_reference_dependent,not_applicable,frozen_32,0.4,0.5462305513521902,converted from slices using verified dataset axial step
WBC,Squared Gradient,gradient,fwhm,4.553369805610522,0.0425157909787463,slices,25773,not_reference_dependent,not_applicable,frozen_32,0.4,1.821347922244209,converted from slices using verified dataset axial step
WBC,Gradient Squared Energy,gradient,range_around_global_maximum,1.3655763783804755,0.0130158701484044,slices,25773,not_reference_dependent,not_applicable,frozen_32,0.4,0.5462305513521902,converted from slices using verified dataset axial step
WBC,Gradient Squared Energy,gradient,fwhm,4.553369805610522,0.0425157909787463,slices,25773,not_reference_dependent,not_applicable,frozen_32,0.4,1.821347922244209,converted from slices using verified dataset axial step
WBC,Mean Intensity,statistical,range_around_global_maximum,1.6948356807511735,0.0896658868585777,slices,25773,not_reference_dependent,not_applicable,frozen_32,0.4,0.6779342723004694,converted from slices using verified dataset axial step
WBC,Mean Intensity,statistical,fwhm,4.846001629612385,0.1059488464805672,slices,25773,not_reference_dependent,not_applicable,frozen_32,0.4,1.938400651844954,converted from slices using verified dataset axial step
WBC,Intensity Variance,statistical,range_around_global_maximum,2.5726535521669964,0.2940177579463648,slices,25773,not_reference_dependent,not_applicable,frozen_32,0.4,1.0290614208667985,converted from slices using verified dataset axial step
WBC,Intensity Variance,statistical,fwhm,5.4850812866177785,0.2444805167497919,slices,25773,not_reference_dependent,not_applicable,frozen_32,0.4,2.1940325146471116,converted from slices using verified dataset axial step
WBC,Intensity Range Index,statistical,range_around_global_maximum,1.4860512939898345,0.0410618637714409,slices,25773,not_reference_dependent,not_applicable,frozen_32,0.4,0.5944205175959338,converted from slices using verified dataset axial step
WBC,Intensity Range Index,statistical,fwhm,6.32894890001164,0.4274035509726907,slices,25773,not_reference_dependent,not_applicable,frozen_32,0.4,2.5315795600046562,converted from slices using verified dataset axial step
WBC,Maximal Intensity,statistical,range_around_global_maximum,5.605284600162961,1.0,slices,25773,not_reference_dependent,not_applicable,frozen_32,0.4,2.2421138400651848,converted from slices using verified dataset axial step
WBC,Maximal Intensity,statistical,fwhm,8.970472975594614,1.0,slices,25773,not_reference_dependent,not_applicable,frozen_32,0.4,3.5881891902378458,converted from slices using verified dataset axial step
WBC,Laplacian Energy,laplacian,range_around_global_maximum,1.3158732006363247,0.001445204180253,slices,25773,not_reference_dependent,not_applicable,frozen_32,0.4,0.5263492802545299,converted from slices using verified dataset axial step
WBC,Laplacian Energy,laplacian,fwhm,4.3572343149807935,0.0,slices,25773,not_reference_dependent,not_applicable,frozen_32,0.4,1.7428937259923174,converted from slices using verified dataset axial step
WBC,Mean Absolute Laplacian,laplacian,range_around_global_maximum,1.4682419586388855,0.0369159342793399,slices,25773,not_reference_dependent,not_applicable,frozen_32,0.4,0.5872967834555542,converted from slices using verified dataset axial step
WBC,Mean Absolute Laplacian,laplacian,fwhm,5.259612773057075,0.1956062810668057,slices,25773,not_reference_dependent,not_applicable,frozen_32,0.4,2.10384510922283,converted from slices using verified dataset axial step
WBC,Spatial Frequency,gradient,range_around_global_maximum,1.428704458153882,0.027711790156353,slices,25773,not_reference_dependent,not_applicable,frozen_32,0.4,0.5714817832615527,converted from slices using verified dataset axial step
WBC,Spatial Frequency,gradient,fwhm,4.925503433826097,0.1231822501829314,slices,25773,not_reference_dependent,not_applicable,frozen_32,0.4,1.970201373530439,converted from slices using verified dataset axial step
WBC,Modified Tenengrad,gradient,range_around_global_maximum,1.3768284638963255,0.0156353027251131,slices,25773,not_reference_dependent,not_applicable,frozen_32,0.4,0.5507313855585302,converted from slices using verified dataset axial step
WBC,Modified Tenengrad,gradient,fwhm,4.581422418810383,0.0485966845252613,slices,25773,not_reference_dependent,not_applicable,frozen_32,0.4,1.8325689675241532,converted from slices using verified dataset axial step
WBC,Absolute Central Moment 2,statistical,range_around_global_maximum,2.5726535521669964,0.2940177579463648,slices,25773,not_reference_dependent,not_applicable,frozen_32,0.4,1.0290614208667985,converted from slices using verified dataset axial step
WBC,Absolute Central Moment 2,statistical,fwhm,5.4850812866177785,0.2444805167497919,slices,25773,not_reference_dependent,not_applicable,frozen_32,0.4,2.1940325146471116,converted from slices using verified dataset axial step
WBC,Absolute Central Moment 4,statistical,range_around_global_maximum,2.321654444573779,0.2355863464335071,slices,25773,not_reference_dependent,not_applicable,frozen_32,0.4,0.9286617778295115,converted from slices using verified dataset axial step
WBC,Absolute Central Moment 4,statistical,fwhm,5.285958173282117,0.2013171064030211,slices,25773,not_reference_dependent,not_applicable,frozen_32,0.4,2.114383269312847,converted from slices using verified dataset axial step
WBC,Image Power,statistical,range_around_global_maximum,1.985178287354984,0.1572562798637895,slices,25773,not_reference_dependent,not_applicable,frozen_32,0.4,0.7940713149419936,converted from slices using verified dataset axial step
WBC,Image Power,statistical,fwhm,5.882163504442634,0.3305550182090381,slices,25773,not_reference_dependent,not_applicable,frozen_32,0.4,2.3528654017770534,converted from slices using verified dataset axial step
TBI,Tenengrad,gradient,range_around_global_maximum,1.0333333333333334,0.0,slices,30,not_reference_dependent,not_applicable,frozen_32,2.5,2.5833333333333335,converted from slices using verified dataset axial step
TBI,Tenengrad,gradient,fwhm,1.4333333333333331,0.0,slices,30,not_reference_dependent,not_applicable,frozen_32,2.5,3.583333333333333,converted from slices using verified dataset axial step
TBI,Brenner Gradient,gradient,range_around_global_maximum,1.0666666666666669,0.0322580645161289,slices,30,not_reference_dependent,not_applicable,frozen_32,2.5,2.666666666666667,converted from slices using verified dataset axial step
TBI,Brenner Gradient,gradient,fwhm,1.6,0.0211864406779661,slices,30,not_reference_dependent,not_applicable,frozen_32,2.5,4.0,converted from slices using verified dataset axial step
TBI,Variance of Laplacian,laplacian,range_around_global_maximum,1.1666666666666667,0.1290322580645161,slices,30,not_reference_dependent,not_applicable,frozen_32,2.5,2.916666666666667,converted from slices using verified dataset axial step
TBI,Variance of Laplacian,laplacian,fwhm,6.933333333333334,0.6991525423728813,slices,30,not_reference_dependent,not_applicable,frozen_32,2.5,17.333333333333336,converted from slices using verified dataset axial step
TBI,Sum Modified Laplacian,laplacian,range_around_global_maximum,1.1666666666666667,0.1290322580645161,slices,30,not_reference_dependent,not_applicable,frozen_32,2.5,2.916666666666667,converted from slices using verified dataset axial step
TBI,Sum Modified Laplacian,laplacian,fwhm,7.0,0.7076271186440677,slices,30,not_reference_dependent,not_applicable,frozen_32,2.5,17.5,converted from slices using verified dataset axial step
TBI,Normalized Variance,statistical,range_around_global_maximum,1.0333333333333334,0.0,slices,30,not_reference_dependent,not_applicable,frozen_32,2.5,2.5833333333333335,converted from slices using verified dataset axial step
TBI,Normalized Variance,statistical,fwhm,3.033333333333333,0.2033898305084745,slices,30,not_reference_dependent,not_applicable,frozen_32,2.5,7.583333333333333,converted from slices using verified dataset axial step
TBI,Energy of Gradient,gradient,range_around_global_maximum,1.0333333333333334,0.0,slices,30,not_reference_dependent,not_applicable,frozen_32,2.5,2.5833333333333335,converted from slices using verified dataset axial step
TBI,Energy of Gradient,gradient,fwhm,1.4333333333333331,0.0,slices,30,not_reference_dependent,not_applicable,frozen_32,2.5,3.583333333333333,converted from slices using verified dataset axial step
TBI,Histogram Entropy,entropy,range_around_global_maximum,1.1,0.064516129032258,slices,30,not_reference_dependent,not_applicable,frozen_32,2.5,2.75,converted from slices using verified dataset axial step
TBI,Histogram Entropy,entropy,fwhm,4.133333333333334,0.3432203389830509,slices,30,not_reference_dependent,not_applicable,frozen_32,2.5,10.333333333333334,converted from slices using verified dataset axial step
TBI,GLCM Contrast,texture,range_around_global_maximum,1.1333333333333333,0.0967741935483869,slices,30,not_reference_dependent,not_applicable,frozen_32,2.5,2.833333333333333,converted from slices using verified dataset axial step
TBI,GLCM Contrast,texture,fwhm,8.933333333333334,0.9533898305084744,slices,30,not_reference_dependent,not_applicable,frozen_32,2.5,22.333333333333336,converted from slices using verified dataset axial step
TBI,Variance of Gradient,gradient,range_around_global_maximum,1.0333333333333334,0.0,slices,30,not_reference_dependent,not_applicable,frozen_32,2.5,2.5833333333333335,converted from slices using verified dataset axial step
TBI,Variance of Gradient,gradient,fwhm,1.4333333333333331,0.0,slices,30,not_reference_dependent,not_applicable,frozen_32,2.5,3.583333333333333,converted from slices using verified dataset axial step
TBI,Fourier Transform Sharpness Index,frequency,range_around_global_maximum,1.0666666666666669,0.0322580645161289,slices,30,not_reference_dependent,not_applicable,frozen_32,2.5,2.666666666666667,converted from slices using verified dataset axial step
TBI,Fourier Transform Sharpness Index,frequency,fwhm,1.9666666666666663,0.0677966101694915,slices,30,not_reference_dependent,not_applicable,frozen_32,2.5,4.916666666666666,converted from slices using verified dataset axial step
TBI,Fourier High Frequency Energy Ratio,frequency,range_around_global_maximum,1.1,0.064516129032258,slices,30,not_reference_dependent,not_applicable,frozen_32,2.5,2.75,converted from slices using verified dataset axial step
TBI,Fourier High Frequency Energy Ratio,frequency,fwhm,5.633333333333334,0.5338983050847458,slices,30,not_reference_dependent,not_applicable,frozen_32,2.5,14.083333333333334,converted from slices using verified dataset axial step
TBI,Roberts Focus Measure,gradient,range_around_global_maximum,1.0333333333333334,0.0,slices,30,not_reference_dependent,not_applicable,frozen_32,2.5,2.5833333333333335,converted from slices using verified dataset axial step
TBI,Roberts Focus Measure,gradient,fwhm,1.8666666666666667,0.0550847457627118,slices,30,not_reference_dependent,not_applicable,frozen_32,2.5,4.666666666666667,converted from slices using verified dataset axial step
TBI,Wavelet W1,wavelet,range_around_global_maximum,1.0333333333333334,0.0,slices,30,not_reference_dependent,not_applicable,frozen_32,2.5,2.5833333333333335,converted from slices using verified dataset axial step
TBI,Wavelet W1,wavelet,fwhm,2.2333333333333334,0.1016949152542372,slices,30,not_reference_dependent,not_applicable,frozen_32,2.5,5.583333333333334,converted from slices using verified dataset axial step
TBI,Wavelet W2,wavelet,range_around_global_maximum,1.0333333333333334,0.0,slices,30,not_reference_dependent,not_applicable,frozen_32,2.5,2.5833333333333335,converted from slices using verified dataset axial step
TBI,Wavelet W2,wavelet,fwhm,2.2333333333333334,0.1016949152542372,slices,30,not_reference_dependent,not_applicable,frozen_32,2.5,5.583333333333334,converted from slices using verified dataset axial step
TBI,Wavelet W3,wavelet,range_around_global_maximum,1.0333333333333334,0.0,slices,30,not_reference_dependent,not_applicable,frozen_32,2.5,2.5833333333333335,converted from slices using verified dataset axial step
TBI,Wavelet W3,wavelet,fwhm,2.2333333333333334,0.1016949152542372,slices,30,not_reference_dependent,not_applicable,frozen_32,2.5,5.583333333333334,converted from slices using verified dataset axial step
TBI,Wavelet Detail Energy (db1),wavelet,range_around_global_maximum,1.0333333333333334,0.0,slices,30,not_reference_dependent,not_applicable,frozen_32,2.5,2.5833333333333335,converted from slices using verified dataset axial step
TBI,Wavelet Detail Energy (db1),wavelet,fwhm,2.2333333333333334,0.1016949152542372,slices,30,not_reference_dependent,not_applicable,frozen_32,2.5,5.583333333333334,converted from slices using verified dataset axial step
TBI,Curvelet Transform Sharpness Index,wavelet_alias,range_around_global_maximum,1.0333333333333334,0.0,slices,30,not_reference_dependent,not_applicable,frozen_32,2.5,2.5833333333333335,converted from slices using verified dataset axial step
TBI,Curvelet Transform Sharpness Index,wavelet_alias,fwhm,2.2333333333333334,0.1016949152542372,slices,30,not_reference_dependent,not_applicable,frozen_32,2.5,5.583333333333334,converted from slices using verified dataset axial step
TBI,DCT Focus Measure,frequency,range_around_global_maximum,1.0333333333333334,0.0,slices,30,not_reference_dependent,not_applicable,frozen_32,2.5,2.5833333333333335,converted from slices using verified dataset axial step
TBI,DCT Focus Measure,frequency,fwhm,1.9333333333333331,0.0635593220338983,slices,30,not_reference_dependent,not_applicable,frozen_32,2.5,4.833333333333333,converted from slices using verified dataset axial step
TBI,Intensity Skewness Index,statistical,range_around_global_maximum,2.066666666666667,1.0,slices,30,not_reference_dependent,not_applicable,frozen_32,2.5,5.166666666666667,converted from slices using verified dataset axial step
TBI,Intensity Skewness Index,statistical,fwhm,8.933333333333334,0.9533898305084744,slices,30,not_reference_dependent,not_applicable,frozen_32,2.5,22.333333333333336,converted from slices using verified dataset axial step
TBI,Squared Gradient,gradient,range_around_global_maximum,1.0333333333333334,0.0,slices,30,not_reference_dependent,not_applicable,frozen_32,2.5,2.5833333333333335,converted from slices using verified dataset axial step
TBI,Squared Gradient,gradient,fwhm,1.4333333333333331,0.0,slices,30,not_reference_dependent,not_applicable,frozen_32,2.5,3.583333333333333,converted from slices using verified dataset axial step
TBI,Gradient Squared Energy,gradient,range_around_global_maximum,1.0333333333333334,0.0,slices,30,not_reference_dependent,not_applicable,frozen_32,2.5,2.5833333333333335,converted from slices using verified dataset axial step
TBI,Gradient Squared Energy,gradient,fwhm,1.4333333333333331,0.0,slices,30,not_reference_dependent,not_applicable,frozen_32,2.5,3.583333333333333,converted from slices using verified dataset axial step
TBI,Mean Intensity,statistical,range_around_global_maximum,1.1666666666666667,0.1290322580645161,slices,30,not_reference_dependent,not_applicable,frozen_32,2.5,2.916666666666667,converted from slices using verified dataset axial step
TBI,Mean Intensity,statistical,fwhm,9.3,1.0,slices,30,not_reference_dependent,not_applicable,frozen_32,2.5,23.25,converted from slices using verified dataset axial step
TBI,Intensity Variance,statistical,range_around_global_maximum,1.0333333333333334,0.0,slices,30,not_reference_dependent,not_applicable,frozen_32,2.5,2.5833333333333335,converted from slices using verified dataset axial step
TBI,Intensity Variance,statistical,fwhm,3.066666666666667,0.2076271186440678,slices,30,not_reference_dependent,not_applicable,frozen_32,2.5,7.666666666666667,converted from slices using verified dataset axial step
TBI,Intensity Range Index,statistical,range_around_global_maximum,1.1333333333333333,0.0967741935483869,slices,30,not_reference_dependent,not_applicable,frozen_32,2.5,2.833333333333333,converted from slices using verified dataset axial step
TBI,Intensity Range Index,statistical,fwhm,4.333333333333333,0.3686440677966101,slices,30,not_reference_dependent,not_applicable,frozen_32,2.5,10.833333333333332,converted from slices using verified dataset axial step
TBI,Maximal Intensity,statistical,range_around_global_maximum,1.4333333333333331,0.3870967741935482,slices,30,not_reference_dependent,not_applicable,frozen_32,2.5,3.583333333333333,converted from slices using verified dataset axial step
TBI,Maximal Intensity,statistical,fwhm,5.366666666666666,0.4999999999999999,slices,30,not_reference_dependent,not_applicable,frozen_32,2.5,13.416666666666666,converted from slices using verified dataset axial step
TBI,Laplacian Energy,laplacian,range_around_global_maximum,1.1666666666666667,0.1290322580645161,slices,30,not_reference_dependent,not_applicable,frozen_32,2.5,2.916666666666667,converted from slices using verified dataset axial step
TBI,Laplacian Energy,laplacian,fwhm,6.933333333333334,0.6991525423728813,slices,30,not_reference_dependent,not_applicable,frozen_32,2.5,17.333333333333336,converted from slices using verified dataset axial step
TBI,Mean Absolute Laplacian,laplacian,range_around_global_maximum,1.2333333333333334,0.1935483870967741,slices,30,not_reference_dependent,not_applicable,frozen_32,2.5,3.0833333333333335,converted from slices using verified dataset axial step
TBI,Mean Absolute Laplacian,laplacian,fwhm,7.766666666666667,0.8050847457627118,slices,30,not_reference_dependent,not_applicable,frozen_32,2.5,19.416666666666668,converted from slices using verified dataset axial step
TBI,Spatial Frequency,gradient,range_around_global_maximum,1.0333333333333334,0.0,slices,30,not_reference_dependent,not_applicable,frozen_32,2.5,2.5833333333333335,converted from slices using verified dataset axial step
TBI,Spatial Frequency,gradient,fwhm,2.3,0.1101694915254237,slices,30,not_reference_dependent,not_applicable,frozen_32,2.5,5.75,converted from slices using verified dataset axial step
TBI,Modified Tenengrad,gradient,range_around_global_maximum,1.0333333333333334,0.0,slices,30,not_reference_dependent,not_applicable,frozen_32,2.5,2.5833333333333335,converted from slices using verified dataset axial step
TBI,Modified Tenengrad,gradient,fwhm,1.5333333333333334,0.0127118644067796,slices,30,not_reference_dependent,not_applicable,frozen_32,2.5,3.8333333333333335,converted from slices using verified dataset axial step
TBI,Absolute Central Moment 2,statistical,range_around_global_maximum,1.0333333333333334,0.0,slices,30,not_reference_dependent,not_applicable,frozen_32,2.5,2.5833333333333335,converted from slices using verified dataset axial step
TBI,Absolute Central Moment 2,statistical,fwhm,3.066666666666667,0.2076271186440678,slices,30,not_reference_dependent,not_applicable,frozen_32,2.5,7.666666666666667,converted from slices using verified dataset axial step
TBI,Absolute Central Moment 4,statistical,range_around_global_maximum,1.1,0.064516129032258,slices,30,not_reference_dependent,not_applicable,frozen_32,2.5,2.75,converted from slices using verified dataset axial step
TBI,Absolute Central Moment 4,statistical,fwhm,2.7,0.1610169491525424,slices,30,not_reference_dependent,not_applicable,frozen_32,2.5,6.75,converted from slices using verified dataset axial step
TBI,Image Power,statistical,range_around_global_maximum,1.1333333333333333,0.0967741935483869,slices,30,not_reference_dependent,not_applicable,frozen_32,2.5,2.833333333333333,converted from slices using verified dataset axial step
TBI,Image Power,statistical,fwhm,8.7,0.923728813559322,slices,30,not_reference_dependent,not_applicable,frozen_32,2.5,21.75,converted from slices using verified dataset axial step
PBS,Tenengrad,gradient,range_around_global_maximum,1.1688311688311688,0.217391304347826,slices,77,not_reference_dependent,not_applicable,frozen_32,0.5,0.5844155844155844,converted from slices using verified dataset axial step
PBS,Tenengrad,gradient,fwhm,3.896103896103896,0.1088957055214723,slices,77,not_reference_dependent,not_applicable,frozen_32,0.5,1.948051948051948,converted from slices using verified dataset axial step
PBS,Brenner Gradient,gradient,range_around_global_maximum,1.1688311688311688,0.217391304347826,slices,77,not_reference_dependent,not_applicable,frozen_32,0.5,0.5844155844155844,converted from slices using verified dataset axial step
PBS,Brenner Gradient,gradient,fwhm,3.8701298701298703,0.1058282208588956,slices,77,not_reference_dependent,not_applicable,frozen_32,0.5,1.9350649350649352,converted from slices using verified dataset axial step
PBS,Variance of Laplacian,laplacian,range_around_global_maximum,1.155844155844156,0.1956521739130436,slices,77,not_reference_dependent,not_applicable,frozen_32,0.5,0.577922077922078,converted from slices using verified dataset axial step
PBS,Variance of Laplacian,laplacian,fwhm,8.922077922077921,0.7024539877300613,slices,77,not_reference_dependent,not_applicable,frozen_32,0.5,4.461038961038961,converted from slices using verified dataset axial step
PBS,Sum Modified Laplacian,laplacian,range_around_global_maximum,1.155844155844156,0.1956521739130436,slices,77,not_reference_dependent,not_applicable,frozen_32,0.5,0.577922077922078,converted from slices using verified dataset axial step
PBS,Sum Modified Laplacian,laplacian,fwhm,9.07792207792208,0.7208588957055215,slices,77,not_reference_dependent,not_applicable,frozen_32,0.5,4.53896103896104,converted from slices using verified dataset axial step
PBS,Normalized Variance,statistical,range_around_global_maximum,1.324675324675325,0.4782608695652174,slices,77,not_reference_dependent,not_applicable,frozen_32,0.5,0.6623376623376624,converted from slices using verified dataset axial step
PBS,Normalized Variance,statistical,fwhm,7.688311688311688,0.5567484662576686,slices,77,not_reference_dependent,not_applicable,frozen_32,0.5,3.844155844155844,converted from slices using verified dataset axial step
PBS,Energy of Gradient,gradient,range_around_global_maximum,1.1688311688311688,0.217391304347826,slices,77,not_reference_dependent,not_applicable,frozen_32,0.5,0.5844155844155844,converted from slices using verified dataset axial step
PBS,Energy of Gradient,gradient,fwhm,3.896103896103896,0.1088957055214723,slices,77,not_reference_dependent,not_applicable,frozen_32,0.5,1.948051948051948,converted from slices using verified dataset axial step
PBS,Histogram Entropy,entropy,range_around_global_maximum,1.6363636363636365,1.0,slices,77,not_reference_dependent,not_applicable,frozen_32,0.5,0.8181818181818182,converted from slices using verified dataset axial step
PBS,Histogram Entropy,entropy,fwhm,11.441558441558442,1.0,slices,77,not_reference_dependent,not_applicable,frozen_32,0.5,5.720779220779221,converted from slices using verified dataset axial step
PBS,GLCM Contrast,texture,range_around_global_maximum,1.1688311688311688,0.217391304347826,slices,77,not_reference_dependent,not_applicable,frozen_32,0.5,0.5844155844155844,converted from slices using verified dataset axial step
PBS,GLCM Contrast,texture,fwhm,5.090909090909091,0.2499999999999999,slices,77,not_reference_dependent,not_applicable,frozen_32,0.5,2.5454545454545454,converted from slices using verified dataset axial step
PBS,Variance of Gradient,gradient,range_around_global_maximum,1.1428571428571428,0.1739130434782608,slices,77,not_reference_dependent,not_applicable,frozen_32,0.5,0.5714285714285714,converted from slices using verified dataset axial step
PBS,Variance of Gradient,gradient,fwhm,2.9740259740259742,0.0,slices,77,not_reference_dependent,not_applicable,frozen_32,0.5,1.4870129870129871,converted from slices using verified dataset axial step
PBS,Fourier Transform Sharpness Index,frequency,range_around_global_maximum,1.324675324675325,0.4782608695652174,slices,77,not_reference_dependent,not_applicable,frozen_32,0.5,0.6623376623376624,converted from slices using verified dataset axial step
PBS,Fourier Transform Sharpness Index,frequency,fwhm,4.857142857142857,0.2223926380368097,slices,77,not_reference_dependent,not_applicable,frozen_32,0.5,2.4285714285714284,converted from slices using verified dataset axial step
PBS,Fourier High Frequency Energy Ratio,frequency,range_around_global_maximum,1.12987012987013,0.1521739130434784,slices,77,not_reference_dependent,not_applicable,frozen_32,0.5,0.564935064935065,converted from slices using verified dataset axial step
PBS,Fourier High Frequency Energy Ratio,frequency,fwhm,7.064935064935065,0.4831288343558281,slices,77,not_reference_dependent,not_applicable,frozen_32,0.5,3.5324675324675323,converted from slices using verified dataset axial step
PBS,Roberts Focus Measure,gradient,range_around_global_maximum,1.1688311688311688,0.217391304347826,slices,77,not_reference_dependent,not_applicable,frozen_32,0.5,0.5844155844155844,converted from slices using verified dataset axial step
PBS,Roberts Focus Measure,gradient,fwhm,3.753246753246753,0.0920245398773005,slices,77,not_reference_dependent,not_applicable,frozen_32,0.5,1.8766233766233764,converted from slices using verified dataset axial step
PBS,Wavelet W1,wavelet,range_around_global_maximum,1.2337662337662338,0.3260869565217393,slices,77,not_reference_dependent,not_applicable,frozen_32,0.5,0.6168831168831169,converted from slices using verified dataset axial step
PBS,Wavelet W1,wavelet,fwhm,6.090909090909091,0.3680981595092024,slices,77,not_reference_dependent,not_applicable,frozen_32,0.5,3.0454545454545454,converted from slices using verified dataset axial step
PBS,Wavelet W2,wavelet,range_around_global_maximum,1.2337662337662338,0.3260869565217393,slices,77,not_reference_dependent,not_applicable,frozen_32,0.5,0.6168831168831169,converted from slices using verified dataset axial step
PBS,Wavelet W2,wavelet,fwhm,6.090909090909091,0.3680981595092024,slices,77,not_reference_dependent,not_applicable,frozen_32,0.5,3.0454545454545454,converted from slices using verified dataset axial step
PBS,Wavelet W3,wavelet,range_around_global_maximum,1.2337662337662338,0.3260869565217393,slices,77,not_reference_dependent,not_applicable,frozen_32,0.5,0.6168831168831169,converted from slices using verified dataset axial step
PBS,Wavelet W3,wavelet,fwhm,6.090909090909091,0.3680981595092024,slices,77,not_reference_dependent,not_applicable,frozen_32,0.5,3.0454545454545454,converted from slices using verified dataset axial step
PBS,Wavelet Detail Energy (db1),wavelet,range_around_global_maximum,1.2337662337662338,0.3260869565217393,slices,77,not_reference_dependent,not_applicable,frozen_32,0.5,0.6168831168831169,converted from slices using verified dataset axial step
PBS,Wavelet Detail Energy (db1),wavelet,fwhm,6.090909090909091,0.3680981595092024,slices,77,not_reference_dependent,not_applicable,frozen_32,0.5,3.0454545454545454,converted from slices using verified dataset axial step
PBS,Curvelet Transform Sharpness Index,wavelet_alias,range_around_global_maximum,1.2337662337662338,0.3260869565217393,slices,77,not_reference_dependent,not_applicable,frozen_32,0.5,0.6168831168831169,converted from slices using verified dataset axial step
PBS,Curvelet Transform Sharpness Index,wavelet_alias,fwhm,6.090909090909091,0.3680981595092024,slices,77,not_reference_dependent,not_applicable,frozen_32,0.5,3.0454545454545454,converted from slices using verified dataset axial step
PBS,DCT Focus Measure,frequency,range_around_global_maximum,1.2987012987012987,0.4347826086956521,slices,77,not_reference_dependent,not_applicable,frozen_32,0.5,0.6493506493506493,converted from slices using verified dataset axial step
PBS,DCT Focus Measure,frequency,fwhm,5.701298701298701,0.3220858895705521,slices,77,not_reference_dependent,not_applicable,frozen_32,0.5,2.8506493506493507,converted from slices using verified dataset axial step
PBS,Intensity Skewness Index,statistical,range_around_global_maximum,1.0389610389610389,0.0,slices,77,not_reference_dependent,not_applicable,frozen_32,0.5,0.5194805194805194,converted from slices using verified dataset axial step
PBS,Intensity Skewness Index,statistical,fwhm,9.194805194805197,0.7346625766871165,slices,77,not_reference_dependent,not_applicable,frozen_32,0.5,4.597402597402598,converted from slices using verified dataset axial step
PBS,Squared Gradient,gradient,range_around_global_maximum,1.1688311688311688,0.217391304347826,slices,77,not_reference_dependent,not_applicable,frozen_32,0.5,0.5844155844155844,converted from slices using verified dataset axial step
PBS,Squared Gradient,gradient,fwhm,3.896103896103896,0.1088957055214723,slices,77,not_reference_dependent,not_applicable,frozen_32,0.5,1.948051948051948,converted from slices using verified dataset axial step
PBS,Gradient Squared Energy,gradient,range_around_global_maximum,1.1688311688311688,0.217391304347826,slices,77,not_reference_dependent,not_applicable,frozen_32,0.5,0.5844155844155844,converted from slices using verified dataset axial step
PBS,Gradient Squared Energy,gradient,fwhm,3.896103896103896,0.1088957055214723,slices,77,not_reference_dependent,not_applicable,frozen_32,0.5,1.948051948051948,converted from slices using verified dataset axial step
PBS,Mean Intensity,statistical,range_around_global_maximum,1.4155844155844155,0.6304347826086955,slices,77,not_reference_dependent,not_applicable,frozen_32,0.5,0.7077922077922078,converted from slices using verified dataset axial step
PBS,Mean Intensity,statistical,fwhm,7.688311688311688,0.5567484662576686,slices,77,not_reference_dependent,not_applicable,frozen_32,0.5,3.844155844155844,converted from slices using verified dataset axial step
PBS,Intensity Variance,statistical,range_around_global_maximum,1.2857142857142858,0.4130434782608697,slices,77,not_reference_dependent,not_applicable,frozen_32,0.5,0.6428571428571429,converted from slices using verified dataset axial step
PBS,Intensity Variance,statistical,fwhm,7.766233766233766,0.5659509202453987,slices,77,not_reference_dependent,not_applicable,frozen_32,0.5,3.883116883116883,converted from slices using verified dataset axial step
PBS,Intensity Range Index,statistical,range_around_global_maximum,1.2597402597402598,0.3695652173913045,slices,77,not_reference_dependent,not_applicable,frozen_32,0.5,0.6298701298701299,converted from slices using verified dataset axial step
PBS,Intensity Range Index,statistical,fwhm,7.441558441558442,0.5276073619631902,slices,77,not_reference_dependent,not_applicable,frozen_32,0.5,3.720779220779221,converted from slices using verified dataset axial step
PBS,Maximal Intensity,statistical,range_around_global_maximum,1.2857142857142858,0.4130434782608697,slices,77,not_reference_dependent,not_applicable,frozen_32,0.5,0.6428571428571429,converted from slices using verified dataset axial step
PBS,Maximal Intensity,statistical,fwhm,7.896103896103896,0.5812883435582821,slices,77,not_reference_dependent,not_applicable,frozen_32,0.5,3.948051948051948,converted from slices using verified dataset axial step
PBS,Laplacian Energy,laplacian,range_around_global_maximum,1.155844155844156,0.1956521739130436,slices,77,not_reference_dependent,not_applicable,frozen_32,0.5,0.577922077922078,converted from slices using verified dataset axial step
PBS,Laplacian Energy,laplacian,fwhm,8.922077922077921,0.7024539877300613,slices,77,not_reference_dependent,not_applicable,frozen_32,0.5,4.461038961038961,converted from slices using verified dataset axial step
PBS,Mean Absolute Laplacian,laplacian,range_around_global_maximum,1.155844155844156,0.1956521739130436,slices,77,not_reference_dependent,not_applicable,frozen_32,0.5,0.577922077922078,converted from slices using verified dataset axial step
PBS,Mean Absolute Laplacian,laplacian,fwhm,9.155844155844155,0.7300613496932514,slices,77,not_reference_dependent,not_applicable,frozen_32,0.5,4.577922077922078,converted from slices using verified dataset axial step
PBS,Spatial Frequency,gradient,range_around_global_maximum,1.2207792207792207,0.3043478260869565,slices,77,not_reference_dependent,not_applicable,frozen_32,0.5,0.6103896103896104,converted from slices using verified dataset axial step
PBS,Spatial Frequency,gradient,fwhm,4.194805194805195,0.1441717791411042,slices,77,not_reference_dependent,not_applicable,frozen_32,0.5,2.0974025974025974,converted from slices using verified dataset axial step
PBS,Modified Tenengrad,gradient,range_around_global_maximum,1.1428571428571428,0.1739130434782608,slices,77,not_reference_dependent,not_applicable,frozen_32,0.5,0.5714285714285714,converted from slices using verified dataset axial step
PBS,Modified Tenengrad,gradient,fwhm,3.844155844155844,0.1027607361963189,slices,77,not_reference_dependent,not_applicable,frozen_32,0.5,1.922077922077922,converted from slices using verified dataset axial step
PBS,Absolute Central Moment 2,statistical,range_around_global_maximum,1.2857142857142858,0.4130434782608697,slices,77,not_reference_dependent,not_applicable,frozen_32,0.5,0.6428571428571429,converted from slices using verified dataset axial step
PBS,Absolute Central Moment 2,statistical,fwhm,7.766233766233766,0.5659509202453987,slices,77,not_reference_dependent,not_applicable,frozen_32,0.5,3.883116883116883,converted from slices using verified dataset axial step
PBS,Absolute Central Moment 4,statistical,range_around_global_maximum,1.2987012987012987,0.4347826086956521,slices,77,not_reference_dependent,not_applicable,frozen_32,0.5,0.6493506493506493,converted from slices using verified dataset axial step
PBS,Absolute Central Moment 4,statistical,fwhm,7.246753246753247,0.5046012269938651,slices,77,not_reference_dependent,not_applicable,frozen_32,0.5,3.6233766233766236,converted from slices using verified dataset axial step
PBS,Image Power,statistical,range_around_global_maximum,1.2987012987012987,0.4347826086956521,slices,77,not_reference_dependent,not_applicable,frozen_32,0.5,0.6493506493506493,converted from slices using verified dataset axial step
PBS,Image Power,statistical,fwhm,7.402597402597403,0.5230061349693251,slices,77,not_reference_dependent,not_applicable,frozen_32,0.5,3.7012987012987013,converted from slices using verified dataset axial step
BMA,Tenengrad,gradient,range_around_global_maximum,1.368421052631579,0.1951219512195121,slices,38,not_reference_dependent,not_applicable,frozen_32,0.5,0.6842105263157895,converted from slices using verified dataset axial step
BMA,Tenengrad,gradient,fwhm,3.973684210526316,0.095360824742268,slices,38,not_reference_dependent,not_applicable,frozen_32,0.5,1.986842105263158,converted from slices using verified dataset axial step
BMA,Brenner Gradient,gradient,range_around_global_maximum,1.368421052631579,0.1951219512195121,slices,38,not_reference_dependent,not_applicable,frozen_32,0.5,0.6842105263157895,converted from slices using verified dataset axial step
BMA,Brenner Gradient,gradient,fwhm,3.9210526315789473,0.0902061855670103,slices,38,not_reference_dependent,not_applicable,frozen_32,0.5,1.9605263157894737,converted from slices using verified dataset axial step
BMA,Variance of Laplacian,laplacian,range_around_global_maximum,1.263157894736842,0.0975609756097559,slices,38,not_reference_dependent,not_applicable,frozen_32,0.5,0.631578947368421,converted from slices using verified dataset axial step
BMA,Variance of Laplacian,laplacian,fwhm,3.0526315789473686,0.0051546391752577,slices,38,not_reference_dependent,not_applicable,frozen_32,0.5,1.5263157894736843,converted from slices using verified dataset axial step
BMA,Sum Modified Laplacian,laplacian,range_around_global_maximum,1.263157894736842,0.0975609756097559,slices,38,not_reference_dependent,not_applicable,frozen_32,0.5,0.631578947368421,converted from slices using verified dataset axial step
BMA,Sum Modified Laplacian,laplacian,fwhm,3.0526315789473686,0.0051546391752577,slices,38,not_reference_dependent,not_applicable,frozen_32,0.5,1.5263157894736843,converted from slices using verified dataset axial step
BMA,Normalized Variance,statistical,range_around_global_maximum,2.0789473684210527,0.8536585365853658,slices,38,not_reference_dependent,not_applicable,frozen_32,0.5,1.0394736842105263,converted from slices using verified dataset axial step
BMA,Normalized Variance,statistical,fwhm,7.657894736842105,0.4561855670103092,slices,38,not_reference_dependent,not_applicable,frozen_32,0.5,3.8289473684210527,converted from slices using verified dataset axial step
BMA,Energy of Gradient,gradient,range_around_global_maximum,1.368421052631579,0.1951219512195121,slices,38,not_reference_dependent,not_applicable,frozen_32,0.5,0.6842105263157895,converted from slices using verified dataset axial step
BMA,Energy of Gradient,gradient,fwhm,3.973684210526316,0.095360824742268,slices,38,not_reference_dependent,not_applicable,frozen_32,0.5,1.986842105263158,converted from slices using verified dataset axial step
BMA,Histogram Entropy,entropy,range_around_global_maximum,1.631578947368421,0.4390243902439023,slices,38,not_reference_dependent,not_applicable,frozen_32,0.5,0.8157894736842105,converted from slices using verified dataset axial step
BMA,Histogram Entropy,entropy,fwhm,10.894736842105264,0.7731958762886598,slices,38,not_reference_dependent,not_applicable,frozen_32,0.5,5.447368421052632,converted from slices using verified dataset axial step
BMA,GLCM Contrast,texture,range_around_global_maximum,1.3421052631578947,0.170731707317073,slices,38,not_reference_dependent,not_applicable,frozen_32,0.5,0.6710526315789473,converted from slices using verified dataset axial step
BMA,GLCM Contrast,texture,fwhm,3.9210526315789473,0.0902061855670103,slices,38,not_reference_dependent,not_applicable,frozen_32,0.5,1.9605263157894737,converted from slices using verified dataset axial step
BMA,Variance of Gradient,gradient,range_around_global_maximum,1.368421052631579,0.1951219512195121,slices,38,not_reference_dependent,not_applicable,frozen_32,0.5,0.6842105263157895,converted from slices using verified dataset axial step
BMA,Variance of Gradient,gradient,fwhm,3.789473684210526,0.0773195876288659,slices,38,not_reference_dependent,not_applicable,frozen_32,0.5,1.894736842105263,converted from slices using verified dataset axial step
BMA,Fourier Transform Sharpness Index,frequency,range_around_global_maximum,1.4473684210526316,0.2682926829268293,slices,38,not_reference_dependent,not_applicable,frozen_32,0.5,0.7236842105263158,converted from slices using verified dataset axial step
BMA,Fourier Transform Sharpness Index,frequency,fwhm,4.842105263157895,0.1804123711340206,slices,38,not_reference_dependent,not_applicable,frozen_32,0.5,2.4210526315789473,converted from slices using verified dataset axial step
BMA,Fourier High Frequency Energy Ratio,frequency,range_around_global_maximum,1.2894736842105263,0.121951219512195,slices,38,not_reference_dependent,not_applicable,frozen_32,0.5,0.6447368421052632,converted from slices using verified dataset axial step
BMA,Fourier High Frequency Energy Ratio,frequency,fwhm,3.0,0.0,slices,38,not_reference_dependent,not_applicable,frozen_32,0.5,1.5,converted from slices using verified dataset axial step
BMA,Roberts Focus Measure,gradient,range_around_global_maximum,1.368421052631579,0.1951219512195121,slices,38,not_reference_dependent,not_applicable,frozen_32,0.5,0.6842105263157895,converted from slices using verified dataset axial step
BMA,Roberts Focus Measure,gradient,fwhm,3.9210526315789473,0.0902061855670103,slices,38,not_reference_dependent,not_applicable,frozen_32,0.5,1.9605263157894737,converted from slices using verified dataset axial step
BMA,Wavelet W1,wavelet,range_around_global_maximum,1.394736842105263,0.219512195121951,slices,38,not_reference_dependent,not_applicable,frozen_32,0.5,0.6973684210526315,converted from slices using verified dataset axial step
BMA,Wavelet W1,wavelet,fwhm,4.342105263157895,0.1314432989690721,slices,38,not_reference_dependent,not_applicable,frozen_32,0.5,2.1710526315789473,converted from slices using verified dataset axial step
BMA,Wavelet W2,wavelet,range_around_global_maximum,1.394736842105263,0.219512195121951,slices,38,not_reference_dependent,not_applicable,frozen_32,0.5,0.6973684210526315,converted from slices using verified dataset axial step
BMA,Wavelet W2,wavelet,fwhm,4.342105263157895,0.1314432989690721,slices,38,not_reference_dependent,not_applicable,frozen_32,0.5,2.1710526315789473,converted from slices using verified dataset axial step
BMA,Wavelet W3,wavelet,range_around_global_maximum,1.394736842105263,0.219512195121951,slices,38,not_reference_dependent,not_applicable,frozen_32,0.5,0.6973684210526315,converted from slices using verified dataset axial step
BMA,Wavelet W3,wavelet,fwhm,4.342105263157895,0.1314432989690721,slices,38,not_reference_dependent,not_applicable,frozen_32,0.5,2.1710526315789473,converted from slices using verified dataset axial step
BMA,Wavelet Detail Energy (db1),wavelet,range_around_global_maximum,1.394736842105263,0.219512195121951,slices,38,not_reference_dependent,not_applicable,frozen_32,0.5,0.6973684210526315,converted from slices using verified dataset axial step
BMA,Wavelet Detail Energy (db1),wavelet,fwhm,4.342105263157895,0.1314432989690721,slices,38,not_reference_dependent,not_applicable,frozen_32,0.5,2.1710526315789473,converted from slices using verified dataset axial step
BMA,Curvelet Transform Sharpness Index,wavelet_alias,range_around_global_maximum,1.394736842105263,0.219512195121951,slices,38,not_reference_dependent,not_applicable,frozen_32,0.5,0.6973684210526315,converted from slices using verified dataset axial step
BMA,Curvelet Transform Sharpness Index,wavelet_alias,fwhm,4.342105263157895,0.1314432989690721,slices,38,not_reference_dependent,not_applicable,frozen_32,0.5,2.1710526315789473,converted from slices using verified dataset axial step
BMA,DCT Focus Measure,frequency,range_around_global_maximum,1.5,0.3170731707317072,slices,38,not_reference_dependent,not_applicable,frozen_32,0.5,0.75,converted from slices using verified dataset axial step
BMA,DCT Focus Measure,frequency,fwhm,5.394736842105263,0.2345360824742267,slices,38,not_reference_dependent,not_applicable,frozen_32,0.5,2.6973684210526314,converted from slices using verified dataset axial step
BMA,Intensity Skewness Index,statistical,range_around_global_maximum,1.1578947368421053,0.0,slices,38,not_reference_dependent,not_applicable,frozen_32,0.5,0.5789473684210527,converted from slices using verified dataset axial step
BMA,Intensity Skewness Index,statistical,fwhm,13.210526315789474,1.0,slices,38,not_reference_dependent,not_applicable,frozen_32,0.5,6.605263157894737,converted from slices using verified dataset axial step
BMA,Squared Gradient,gradient,range_around_global_maximum,1.368421052631579,0.1951219512195121,slices,38,not_reference_dependent,not_applicable,frozen_32,0.5,0.6842105263157895,converted from slices using verified dataset axial step
BMA,Squared Gradient,gradient,fwhm,3.973684210526316,0.095360824742268,slices,38,not_reference_dependent,not_applicable,frozen_32,0.5,1.986842105263158,converted from slices using verified dataset axial step
BMA,Gradient Squared Energy,gradient,range_around_global_maximum,1.368421052631579,0.1951219512195121,slices,38,not_reference_dependent,not_applicable,frozen_32,0.5,0.6842105263157895,converted from slices using verified dataset axial step
BMA,Gradient Squared Energy,gradient,fwhm,3.973684210526316,0.095360824742268,slices,38,not_reference_dependent,not_applicable,frozen_32,0.5,1.986842105263158,converted from slices using verified dataset axial step
BMA,Mean Intensity,statistical,range_around_global_maximum,1.736842105263158,0.5365853658536586,slices,38,not_reference_dependent,not_applicable,frozen_32,0.5,0.868421052631579,converted from slices using verified dataset axial step
BMA,Mean Intensity,statistical,fwhm,7.842105263157895,0.4742268041237113,slices,38,not_reference_dependent,not_applicable,frozen_32,0.5,3.9210526315789473,converted from slices using verified dataset axial step
BMA,Intensity Variance,statistical,range_around_global_maximum,2.0526315789473686,0.8292682926829269,slices,38,not_reference_dependent,not_applicable,frozen_32,0.5,1.0263157894736843,converted from slices using verified dataset axial step
BMA,Intensity Variance,statistical,fwhm,7.657894736842105,0.4561855670103092,slices,38,not_reference_dependent,not_applicable,frozen_32,0.5,3.8289473684210527,converted from slices using verified dataset axial step
BMA,Intensity Range Index,statistical,range_around_global_maximum,1.605263157894737,0.4146341463414634,slices,38,not_reference_dependent,not_applicable,frozen_32,0.5,0.8026315789473685,converted from slices using verified dataset axial step
BMA,Intensity Range Index,statistical,fwhm,5.842105263157895,0.2783505154639175,slices,38,not_reference_dependent,not_applicable,frozen_32,0.5,2.9210526315789473,converted from slices using verified dataset axial step
BMA,Maximal Intensity,statistical,range_around_global_maximum,2.236842105263158,1.0,slices,38,not_reference_dependent,not_applicable,frozen_32,0.5,1.118421052631579,converted from slices using verified dataset axial step
BMA,Maximal Intensity,statistical,fwhm,6.0,0.2938144329896907,slices,38,not_reference_dependent,not_applicable,frozen_32,0.5,3.0,converted from slices using verified dataset axial step
BMA,Laplacian Energy,laplacian,range_around_global_maximum,1.263157894736842,0.0975609756097559,slices,38,not_reference_dependent,not_applicable,frozen_32,0.5,0.631578947368421,converted from slices using verified dataset axial step
BMA,Laplacian Energy,laplacian,fwhm,3.0526315789473686,0.0051546391752577,slices,38,not_reference_dependent,not_applicable,frozen_32,0.5,1.5263157894736843,converted from slices using verified dataset axial step
BMA,Mean Absolute Laplacian,laplacian,range_around_global_maximum,1.2894736842105263,0.121951219512195,slices,38,not_reference_dependent,not_applicable,frozen_32,0.5,0.6447368421052632,converted from slices using verified dataset axial step
BMA,Mean Absolute Laplacian,laplacian,fwhm,3.210526315789474,0.0206185567010309,slices,38,not_reference_dependent,not_applicable,frozen_32,0.5,1.605263157894737,converted from slices using verified dataset axial step
BMA,Spatial Frequency,gradient,range_around_global_maximum,1.394736842105263,0.219512195121951,slices,38,not_reference_dependent,not_applicable,frozen_32,0.5,0.6973684210526315,converted from slices using verified dataset axial step
BMA,Spatial Frequency,gradient,fwhm,4.2368421052631575,0.1211340206185566,slices,38,not_reference_dependent,not_applicable,frozen_32,0.5,2.1184210526315788,converted from slices using verified dataset axial step
BMA,Modified Tenengrad,gradient,range_around_global_maximum,1.368421052631579,0.1951219512195121,slices,38,not_reference_dependent,not_applicable,frozen_32,0.5,0.6842105263157895,converted from slices using verified dataset axial step
BMA,Modified Tenengrad,gradient,fwhm,3.9210526315789473,0.0902061855670103,slices,38,not_reference_dependent,not_applicable,frozen_32,0.5,1.9605263157894737,converted from slices using verified dataset axial step
BMA,Absolute Central Moment 2,statistical,range_around_global_maximum,2.0526315789473686,0.8292682926829269,slices,38,not_reference_dependent,not_applicable,frozen_32,0.5,1.0263157894736843,converted from slices using verified dataset axial step
BMA,Absolute Central Moment 2,statistical,fwhm,7.657894736842105,0.4561855670103092,slices,38,not_reference_dependent,not_applicable,frozen_32,0.5,3.8289473684210527,converted from slices using verified dataset axial step
BMA,Absolute Central Moment 4,statistical,range_around_global_maximum,1.973684210526316,0.7560975609756097,slices,38,not_reference_dependent,not_applicable,frozen_32,0.5,0.986842105263158,converted from slices using verified dataset axial step
BMA,Absolute Central Moment 4,statistical,fwhm,7.368421052631579,0.4278350515463917,slices,38,not_reference_dependent,not_applicable,frozen_32,0.5,3.6842105263157894,converted from slices using verified dataset axial step
BMA,Image Power,statistical,range_around_global_maximum,2.0789473684210527,0.8536585365853658,slices,38,not_reference_dependent,not_applicable,frozen_32,0.5,1.0394736842105263,converted from slices using verified dataset axial step
BMA,Image Power,statistical,fwhm,8.078947368421053,0.4974226804123711,slices,38,not_reference_dependent,not_applicable,frozen_32,0.5,4.0394736842105265,converted from slices using verified dataset axial step
TBF,Tenengrad,gradient,range_around_global_maximum,1.1813186813186811,0.2064516129032258,slices,182,not_reference_dependent,not_applicable,frozen_32,0.5,0.5906593406593406,converted from slices using verified dataset axial step
TBF,Tenengrad,gradient,fwhm,2.730769230769231,0.005819592628516,slices,182,not_reference_dependent,not_applicable,frozen_32,0.5,1.3653846153846154,converted from slices using verified dataset axial step
TBF,Brenner Gradient,gradient,range_around_global_maximum,1.1593406593406594,0.1806451612903227,slices,182,not_reference_dependent,not_applicable,frozen_32,0.5,0.5796703296703297,converted from slices using verified dataset axial step
TBF,Brenner Gradient,gradient,fwhm,2.7142857142857144,0.004364694471387,slices,182,not_reference_dependent,not_applicable,frozen_32,0.5,1.3571428571428572,converted from slices using verified dataset axial step
TBF,Variance of Laplacian,laplacian,range_around_global_maximum,1.6153846153846154,0.7161290322580645,slices,182,not_reference_dependent,not_applicable,frozen_32,0.5,0.8076923076923077,converted from slices using verified dataset axial step
TBF,Variance of Laplacian,laplacian,fwhm,9.571428571428571,0.6096023278370514,slices,182,not_reference_dependent,not_applicable,frozen_32,0.5,4.785714285714286,converted from slices using verified dataset axial step
TBF,Sum Modified Laplacian,laplacian,range_around_global_maximum,1.8186813186813189,0.9548387096774192,slices,182,not_reference_dependent,not_applicable,frozen_32,0.5,0.9093406593406594,converted from slices using verified dataset axial step
TBF,Sum Modified Laplacian,laplacian,fwhm,9.917582417582418,0.6401551891367605,slices,182,not_reference_dependent,not_applicable,frozen_32,0.5,4.958791208791209,converted from slices using verified dataset axial step
TBF,Normalized Variance,statistical,range_around_global_maximum,1.5,0.5806451612903225,slices,182,not_reference_dependent,not_applicable,frozen_32,0.5,0.75,converted from slices using verified dataset axial step
TBF,Normalized Variance,statistical,fwhm,6.576923076923077,0.3452958292919495,slices,182,not_reference_dependent,not_applicable,frozen_32,0.5,3.2884615384615383,converted from slices using verified dataset axial step
TBF,Energy of Gradient,gradient,range_around_global_maximum,1.1813186813186811,0.2064516129032258,slices,182,not_reference_dependent,not_applicable,frozen_32,0.5,0.5906593406593406,converted from slices using verified dataset axial step
TBF,Energy of Gradient,gradient,fwhm,2.730769230769231,0.005819592628516,slices,182,not_reference_dependent,not_applicable,frozen_32,0.5,1.3653846153846154,converted from slices using verified dataset axial step
TBF,Histogram Entropy,entropy,range_around_global_maximum,1.2252747252747254,0.2580645161290323,slices,182,not_reference_dependent,not_applicable,frozen_32,0.5,0.6126373626373627,converted from slices using verified dataset axial step
TBF,Histogram Entropy,entropy,fwhm,5.093406593406593,0.2143549951503394,slices,182,not_reference_dependent,not_applicable,frozen_32,0.5,2.5467032967032965,converted from slices using verified dataset axial step
TBF,GLCM Contrast,texture,range_around_global_maximum,1.5164835164835164,0.5999999999999999,slices,182,not_reference_dependent,not_applicable,frozen_32,0.5,0.7582417582417582,converted from slices using verified dataset axial step
TBF,GLCM Contrast,texture,fwhm,13.994505494505496,1.0,slices,182,not_reference_dependent,not_applicable,frozen_32,0.5,6.997252747252748,converted from slices using verified dataset axial step
TBF,Variance of Gradient,gradient,range_around_global_maximum,1.1703296703296704,0.1935483870967742,slices,182,not_reference_dependent,not_applicable,frozen_32,0.5,0.5851648351648352,converted from slices using verified dataset axial step
TBF,Variance of Gradient,gradient,fwhm,2.6648351648351647,0.0,slices,182,not_reference_dependent,not_applicable,frozen_32,0.5,1.3324175824175823,converted from slices using verified dataset axial step
TBF,Fourier Transform Sharpness Index,frequency,range_around_global_maximum,1.2747252747252746,0.3161290322580644,slices,182,not_reference_dependent,not_applicable,frozen_32,0.5,0.6373626373626373,converted from slices using verified dataset axial step
TBF,Fourier Transform Sharpness Index,frequency,fwhm,3.681318681318681,0.0897187196896217,slices,182,not_reference_dependent,not_applicable,frozen_32,0.5,1.8406593406593406,converted from slices using verified dataset axial step
TBF,Fourier High Frequency Energy Ratio,frequency,range_around_global_maximum,1.2032967032967032,0.2322580645161289,slices,182,not_reference_dependent,not_applicable,frozen_32,0.5,0.6016483516483516,converted from slices using verified dataset axial step
TBF,Fourier High Frequency Energy Ratio,frequency,fwhm,9.934065934065934,0.6416100872938895,slices,182,not_reference_dependent,not_applicable,frozen_32,0.5,4.967032967032967,converted from slices using verified dataset axial step
TBF,Roberts Focus Measure,gradient,range_around_global_maximum,1.8571428571428568,1.0,slices,182,not_reference_dependent,not_applicable,frozen_32,0.5,0.9285714285714284,converted from slices using verified dataset axial step
TBF,Roberts Focus Measure,gradient,fwhm,9.928571428571429,0.6411251212415131,slices,182,not_reference_dependent,not_applicable,frozen_32,0.5,4.964285714285714,converted from slices using verified dataset axial step
TBF,Wavelet W1,wavelet,range_around_global_maximum,1.2912087912087913,0.335483870967742,slices,182,not_reference_dependent,not_applicable,frozen_32,0.5,0.6456043956043956,converted from slices using verified dataset axial step
TBF,Wavelet W1,wavelet,fwhm,6.049450549450549,0.2987390882638215,slices,182,not_reference_dependent,not_applicable,frozen_32,0.5,3.0247252747252746,converted from slices using verified dataset axial step
TBF,Wavelet W2,wavelet,range_around_global_maximum,1.2912087912087913,0.335483870967742,slices,182,not_reference_dependent,not_applicable,frozen_32,0.5,0.6456043956043956,converted from slices using verified dataset axial step
TBF,Wavelet W2,wavelet,fwhm,6.049450549450549,0.2987390882638215,slices,182,not_reference_dependent,not_applicable,frozen_32,0.5,3.0247252747252746,converted from slices using verified dataset axial step
TBF,Wavelet W3,wavelet,range_around_global_maximum,1.2912087912087913,0.335483870967742,slices,182,not_reference_dependent,not_applicable,frozen_32,0.5,0.6456043956043956,converted from slices using verified dataset axial step
TBF,Wavelet W3,wavelet,fwhm,6.049450549450549,0.2987390882638215,slices,182,not_reference_dependent,not_applicable,frozen_32,0.5,3.0247252747252746,converted from slices using verified dataset axial step
TBF,Wavelet Detail Energy (db1),wavelet,range_around_global_maximum,1.2912087912087913,0.335483870967742,slices,182,not_reference_dependent,not_applicable,frozen_32,0.5,0.6456043956043956,converted from slices using verified dataset axial step
TBF,Wavelet Detail Energy (db1),wavelet,fwhm,6.049450549450549,0.2987390882638215,slices,182,not_reference_dependent,not_applicable,frozen_32,0.5,3.0247252747252746,converted from slices using verified dataset axial step
TBF,Curvelet Transform Sharpness Index,wavelet_alias,range_around_global_maximum,1.2912087912087913,0.335483870967742,slices,182,not_reference_dependent,not_applicable,frozen_32,0.5,0.6456043956043956,converted from slices using verified dataset axial step
TBF,Curvelet Transform Sharpness Index,wavelet_alias,fwhm,6.049450549450549,0.2987390882638215,slices,182,not_reference_dependent,not_applicable,frozen_32,0.5,3.0247252747252746,converted from slices using verified dataset axial step
TBF,DCT Focus Measure,frequency,range_around_global_maximum,1.6428571428571428,0.7483870967741935,slices,182,not_reference_dependent,not_applicable,frozen_32,0.5,0.8214285714285714,converted from slices using verified dataset axial step
TBF,DCT Focus Measure,frequency,fwhm,9.802197802197805,0.6299709020368575,slices,182,not_reference_dependent,not_applicable,frozen_32,0.5,4.901098901098902,converted from slices using verified dataset axial step
TBF,Intensity Skewness Index,statistical,range_around_global_maximum,1.0054945054945057,0.0,slices,182,not_reference_dependent,not_applicable,frozen_32,0.5,0.5027472527472528,converted from slices using verified dataset axial step
TBF,Intensity Skewness Index,statistical,fwhm,10.510989010989013,0.6925315227934045,slices,182,not_reference_dependent,not_applicable,frozen_32,0.5,5.255494505494506,converted from slices using verified dataset axial step
TBF,Squared Gradient,gradient,range_around_global_maximum,1.1813186813186811,0.2064516129032258,slices,182,not_reference_dependent,not_applicable,frozen_32,0.5,0.5906593406593406,converted from slices using verified dataset axial step
TBF,Squared Gradient,gradient,fwhm,2.730769230769231,0.005819592628516,slices,182,not_reference_dependent,not_applicable,frozen_32,0.5,1.3653846153846154,converted from slices using verified dataset axial step
TBF,Gradient Squared Energy,gradient,range_around_global_maximum,1.1813186813186811,0.2064516129032258,slices,182,not_reference_dependent,not_applicable,frozen_32,0.5,0.5906593406593406,converted from slices using verified dataset axial step
TBF,Gradient Squared Energy,gradient,fwhm,2.730769230769231,0.005819592628516,slices,182,not_reference_dependent,not_applicable,frozen_32,0.5,1.3653846153846154,converted from slices using verified dataset axial step
TBF,Mean Intensity,statistical,range_around_global_maximum,1.379120879120879,0.4387096774193548,slices,182,not_reference_dependent,not_applicable,frozen_32,0.5,0.6895604395604396,converted from slices using verified dataset axial step
TBF,Mean Intensity,statistical,fwhm,7.71978021978022,0.4461687681862269,slices,182,not_reference_dependent,not_applicable,frozen_32,0.5,3.85989010989011,converted from slices using verified dataset axial step
TBF,Intensity Variance,statistical,range_around_global_maximum,1.4615384615384617,0.5354838709677419,slices,182,not_reference_dependent,not_applicable,frozen_32,0.5,0.7307692307692308,converted from slices using verified dataset axial step
TBF,Intensity Variance,statistical,fwhm,6.71978021978022,0.3579049466537342,slices,182,not_reference_dependent,not_applicable,frozen_32,0.5,3.35989010989011,converted from slices using verified dataset axial step
TBF,Intensity Range Index,statistical,range_around_global_maximum,1.0714285714285714,0.0774193548387096,slices,182,not_reference_dependent,not_applicable,frozen_32,0.5,0.5357142857142857,converted from slices using verified dataset axial step
TBF,Intensity Range Index,statistical,fwhm,2.7967032967032965,0.011639185257032,slices,182,not_reference_dependent,not_applicable,frozen_32,0.5,1.3983516483516483,converted from slices using verified dataset axial step
TBF,Maximal Intensity,statistical,range_around_global_maximum,1.0604395604395604,0.064516129032258,slices,182,not_reference_dependent,not_applicable,frozen_32,0.5,0.5302197802197802,converted from slices using verified dataset axial step
TBF,Maximal Intensity,statistical,fwhm,2.6868131868131866,0.0019398642095053,slices,182,not_reference_dependent,not_applicable,frozen_32,0.5,1.3434065934065933,converted from slices using verified dataset axial step
TBF,Laplacian Energy,laplacian,range_around_global_maximum,1.6153846153846154,0.7161290322580645,slices,182,not_reference_dependent,not_applicable,frozen_32,0.5,0.8076923076923077,converted from slices using verified dataset axial step
TBF,Laplacian Energy,laplacian,fwhm,9.571428571428571,0.6096023278370514,slices,182,not_reference_dependent,not_applicable,frozen_32,0.5,4.785714285714286,converted from slices using verified dataset axial step
TBF,Mean Absolute Laplacian,laplacian,range_around_global_maximum,1.3131868131868132,0.3612903225806451,slices,182,not_reference_dependent,not_applicable,frozen_32,0.5,0.6565934065934066,converted from slices using verified dataset axial step
TBF,Mean Absolute Laplacian,laplacian,fwhm,6.461538461538462,0.3351115421920466,slices,182,not_reference_dependent,not_applicable,frozen_32,0.5,3.230769230769231,converted from slices using verified dataset axial step
TBF,Spatial Frequency,gradient,range_around_global_maximum,1.6703296703296704,0.7806451612903226,slices,182,not_reference_dependent,not_applicable,frozen_32,0.5,0.8351648351648352,converted from slices using verified dataset axial step
TBF,Spatial Frequency,gradient,fwhm,9.846153846153848,0.6338506304558682,slices,182,not_reference_dependent,not_applicable,frozen_32,0.5,4.923076923076924,converted from slices using verified dataset axial step
TBF,Modified Tenengrad,gradient,range_around_global_maximum,1.164835164835165,0.1870967741935484,slices,182,not_reference_dependent,not_applicable,frozen_32,0.5,0.5824175824175825,converted from slices using verified dataset axial step
TBF,Modified Tenengrad,gradient,fwhm,2.7362637362637363,0.0063045586808923,slices,182,not_reference_dependent,not_applicable,frozen_32,0.5,1.3681318681318682,converted from slices using verified dataset axial step
TBF,Absolute Central Moment 2,statistical,range_around_global_maximum,1.4615384615384617,0.5354838709677419,slices,182,not_reference_dependent,not_applicable,frozen_32,0.5,0.7307692307692308,converted from slices using verified dataset axial step
TBF,Absolute Central Moment 2,statistical,fwhm,6.71978021978022,0.3579049466537342,slices,182,not_reference_dependent,not_applicable,frozen_32,0.5,3.35989010989011,converted from slices using verified dataset axial step
TBF,Absolute Central Moment 4,statistical,range_around_global_maximum,1.4065934065934067,0.4709677419354839,slices,182,not_reference_dependent,not_applicable,frozen_32,0.5,0.7032967032967034,converted from slices using verified dataset axial step
TBF,Absolute Central Moment 4,statistical,fwhm,6.28021978021978,0.3191076624636275,slices,182,not_reference_dependent,not_applicable,frozen_32,0.5,3.14010989010989,converted from slices using verified dataset axial step
TBF,Image Power,statistical,range_around_global_maximum,1.7087912087912087,0.8258064516129031,slices,182,not_reference_dependent,not_applicable,frozen_32,0.5,0.8543956043956044,converted from slices using verified dataset axial step
TBF,Image Power,statistical,fwhm,9.93956043956044,0.6420950533462658,slices,182,not_reference_dependent,not_applicable,frozen_32,0.5,4.96978021978022,converted from slices using verified dataset axial step
