domain,operator,family,reference_tier,n_stacks,mean_absolute_displacement_slices,median_absolute_displacement_slices,p90_absolute_displacement_slices,mean_absolute_displacement_um,median_absolute_displacement_um,p90_absolute_displacement_um,mean_normalized_axial_displacement,exact_match_rate,within_one_slice_rate,units_status
WBC,Tenengrad,gradient,REF-B_fixed_ten_diagnostic,25773,0.024366585186047413,0.0,0.0,0.009746634074418968,0.0,0.0,0.002707398354005268,0.9774958289683001,0.999185193807473,axial step verified from official record
WBC,Tenengrad,gradient,REF-C_fixed_disjoint_four_confirmatory,25773,0.9500252201916735,1.0,2.0,0.38001008807666936,0.4,0.8,0.10555835779907483,0.4858960928103054,0.6637178442556163,axial step verified from official record
WBC,Brenner Gradient,gradient,REF-B_fixed_ten_diagnostic,25773,0.07961820509835875,0.0,0.0,0.0318472820393435,0.0,0.0,0.008846467233150973,0.924029022620572,0.9981763861405347,axial step verified from official record
WBC,Brenner Gradient,gradient,REF-C_fixed_disjoint_four_confirmatory,25773,0.9922399410235517,1.0,3.0,0.39689597640942076,0.4,1.2000000000000002,0.11024888233595019,0.4642067279711326,0.6551041787917589,axial step verified from official record
WBC,Variance of Laplacian,laplacian,REF-B_fixed_ten_diagnostic,25773,0.7652582159624414,1.0,1.0,0.30610328638497647,0.4,0.4,0.0850286906624935,0.30213789624801146,0.9424979629845187,axial step verified from official record
WBC,Variance of Laplacian,laplacian,REF-C_fixed_disjoint_four_confirmatory,25773,1.7012377294067436,1.0,3.0,0.6804950917626974,0.4,1.2000000000000002,0.18902641437852707,0.14976913824545066,0.5113102859581733,axial step verified from official record
WBC,Sum Modified Laplacian,laplacian,REF-B_fixed_ten_diagnostic,25773,0.7979280642532883,1.0,1.0,0.31917122570131534,0.4,0.4,0.08865867380592092,0.28172894113995267,0.9315174795328445,axial step verified from official record
WBC,Sum Modified Laplacian,laplacian,REF-C_fixed_disjoint_four_confirmatory,25773,1.733829977107826,1.0,3.0,0.6935319908431304,0.4,1.2000000000000002,0.1926477752342029,0.13812904978077833,0.5039382299305475,axial step verified from official record
WBC,Normalized Variance,statistical,REF-B_fixed_ten_diagnostic,25773,2.265161215225236,2.0,3.0,0.9060644860900943,0.8,1.2000000000000002,0.2516845794694707,0.0014356109106429208,0.12031971442982967,axial step verified from official record
WBC,Energy of Gradient,gradient,REF-B_fixed_ten_diagnostic,25773,0.024366585186047413,0.0,0.0,0.009746634074418968,0.0,0.0,0.002707398354005268,0.9774958289683001,0.999185193807473,axial step verified from official record
WBC,Energy of Gradient,gradient,REF-C_fixed_disjoint_four_confirmatory,25773,0.9500252201916735,1.0,2.0,0.38001008807666936,0.4,0.8,0.10555835779907483,0.4858960928103054,0.6637178442556163,axial step verified from official record
WBC,Histogram Entropy,entropy,REF-B_fixed_ten_diagnostic,25773,1.9917743374849648,2.0,4.0,0.7967097349939862,0.8,1.6,0.22130825972055168,0.1435610910642921,0.44992821945446787,axial step verified from official record
WBC,GLCM Contrast,texture,REF-B_fixed_ten_diagnostic,25773,0.24576106778411516,0.0,1.0,0.09830442711364608,0.0,0.4,0.027306785309346132,0.7691770457455477,0.9915803360105537,axial step verified from official record
WBC,Variance of Gradient,gradient,REF-B_fixed_ten_diagnostic,25773,0.11050323982462266,0.0,1.0,0.04420129592984907,0.0,0.4,0.012278137758291409,0.8929499864198968,0.9983315873200637,axial step verified from official record
WBC,Variance of Gradient,gradient,REF-C_fixed_disjoint_four_confirmatory,25773,1.0333682535987274,1.0,3.0,0.41334730143949094,0.4,1.2000000000000002,0.11481869484430306,0.44988941915958564,0.6419120785317969,axial step verified from official record
WBC,Fourier Transform Sharpness Index,frequency,REF-B_fixed_ten_diagnostic,25773,0.07923020214953634,0.0,0.0,0.031692080859814536,0.0,0.0,0.008803355794392925,0.9244558258642765,0.9977883831917123,axial step verified from official record
WBC,Fourier High Frequency Energy Ratio,frequency,REF-B_fixed_ten_diagnostic,25773,0.4592014899313235,0.0,1.0,0.1836805959725294,0.0,0.4,0.05102238777014705,0.5574826368680402,0.9880107088813875,axial step verified from official record
WBC,Fourier High Frequency Energy Ratio,frequency,REF-C_fixed_disjoint_four_confirmatory,25773,1.3951810033756256,1.0,3.0,0.5580724013502503,0.4,1.2000000000000002,0.1550201114861806,0.2827765491017732,0.5657858999728398,axial step verified from official record
WBC,Roberts Focus Measure,gradient,REF-B_fixed_ten_diagnostic,25773,0.10053156403988671,0.0,0.0,0.040212625615954685,0.0,0.0,0.011170173782209634,0.9027276607302216,0.9981763861405347,axial step verified from official record
WBC,Roberts Focus Measure,gradient,REF-C_fixed_disjoint_four_confirmatory,25773,1.0425639234858184,1.0,3.0,0.4170255693943274,0.4,1.2000000000000002,0.11584043594286872,0.45190703449346215,0.6349668257478757,axial step verified from official record
WBC,Wavelet W1,wavelet,REF-B_fixed_ten_diagnostic,25773,0.17138090249485896,0.0,1.0,0.0685523609979436,0.0,0.4,0.019042322499428773,0.8427036045473946,0.9919295386644938,axial step verified from official record
WBC,Wavelet W1,wavelet,REF-C_fixed_disjoint_four_confirmatory,25773,1.0636712839017577,1.0,3.0,0.42546851356070303,0.4,1.2000000000000002,0.11818569821130641,0.4333604935397509,0.6357428316455205,axial step verified from official record
WBC,Wavelet W2,wavelet,REF-B_fixed_ten_diagnostic,25773,0.17138090249485896,0.0,1.0,0.0685523609979436,0.0,0.4,0.019042322499428773,0.8427036045473946,0.9919295386644938,axial step verified from official record
WBC,Wavelet W2,wavelet,REF-C_fixed_disjoint_four_confirmatory,25773,1.0636712839017577,1.0,3.0,0.42546851356070303,0.4,1.2000000000000002,0.11818569821130641,0.4333604935397509,0.6357428316455205,axial step verified from official record
WBC,Wavelet W3,wavelet,REF-B_fixed_ten_diagnostic,25773,0.17138090249485896,0.0,1.0,0.0685523609979436,0.0,0.4,0.019042322499428773,0.8427036045473946,0.9919295386644938,axial step verified from official record
WBC,Wavelet W3,wavelet,REF-C_fixed_disjoint_four_confirmatory,25773,1.0636712839017577,1.0,3.0,0.42546851356070303,0.4,1.2000000000000002,0.11818569821130641,0.4333604935397509,0.6357428316455205,axial step verified from official record
WBC,Wavelet Detail Energy (db1),wavelet,REF-B_fixed_ten_diagnostic,25773,0.17138090249485896,0.0,1.0,0.0685523609979436,0.0,0.4,0.019042322499428773,0.8427036045473946,0.9919295386644938,axial step verified from official record
WBC,Wavelet Detail Energy (db1),wavelet,REF-C_fixed_disjoint_four_confirmatory,25773,1.0636712839017577,1.0,3.0,0.42546851356070303,0.4,1.2000000000000002,0.11818569821130641,0.4333604935397509,0.6357428316455205,axial step verified from official record
WBC,Curvelet Transform Sharpness Index,wavelet_alias,REF-B_fixed_ten_diagnostic,25773,0.17138090249485896,0.0,1.0,0.0685523609979436,0.0,0.4,0.019042322499428773,0.8427036045473946,0.9919295386644938,axial step verified from official record
WBC,Curvelet Transform Sharpness Index,wavelet_alias,REF-C_fixed_disjoint_four_confirmatory,25773,1.0636712839017577,1.0,3.0,0.42546851356070303,0.4,1.2000000000000002,0.11818569821130641,0.4333604935397509,0.6357428316455205,axial step verified from official record
WBC,DCT Focus Measure,frequency,REF-B_fixed_ten_diagnostic,25773,0.594459317890816,1.0,1.0,0.23778372715632637,0.4,0.4,0.06605103532120178,0.4214876033057851,0.9866138982656268,axial step verified from official record
WBC,DCT Focus Measure,frequency,REF-C_fixed_disjoint_four_confirmatory,25773,0.9294998641989679,1.0,2.0,0.3717999456795871,0.4,0.8,0.10327776268877423,0.28141853878089473,0.804795716447445,axial step verified from official record
WBC,Intensity Skewness Index,statistical,REF-B_fixed_ten_diagnostic,25773,2.8904279672525512,3.0,4.0,1.1561711869010205,1.2000000000000002,1.6,0.32115866302806123,0.015558918247778683,0.12311333566135102,axial step verified from official record
WBC,Intensity Skewness Index,statistical,REF-C_fixed_disjoint_four_confirmatory,25773,2.1617972296589456,2.0,4.0,0.8647188918635782,0.8,1.6,0.24019969218432727,0.07992860745741667,0.3908741706436969,axial step verified from official record
WBC,Squared Gradient,gradient,REF-B_fixed_ten_diagnostic,25773,0.024366585186047413,0.0,0.0,0.009746634074418968,0.0,0.0,0.002707398354005268,0.9774958289683001,0.999185193807473,axial step verified from official record
WBC,Squared Gradient,gradient,REF-C_fixed_disjoint_four_confirmatory,25773,0.9500252201916735,1.0,2.0,0.38001008807666936,0.4,0.8,0.10555835779907483,0.4858960928103054,0.6637178442556163,axial step verified from official record
WBC,Gradient Squared Energy,gradient,REF-B_fixed_ten_diagnostic,25773,0.024366585186047413,0.0,0.0,0.009746634074418968,0.0,0.0,0.002707398354005268,0.9774958289683001,0.999185193807473,axial step verified from official record
WBC,Gradient Squared Energy,gradient,REF-C_fixed_disjoint_four_confirmatory,25773,0.9500252201916735,1.0,2.0,0.38001008807666936,0.4,0.8,0.10555835779907483,0.4858960928103054,0.6637178442556163,axial step verified from official record
WBC,Mean Intensity,statistical,REF-B_fixed_ten_diagnostic,25773,4.9178597757342954,5.0,6.0,1.967143910293718,2.0,2.4000000000000004,0.5464288639704773,0.00011640088464672332,0.003026423000814806,axial step verified from official record
WBC,Mean Intensity,statistical,REF-C_fixed_disjoint_four_confirmatory,25773,5.842432002483219,6.0,8.0,2.3369728009932875,2.4000000000000004,3.2,0.6491591113870243,0.00015520117952896441,0.0034144259496372174,axial step verified from official record
WBC,Intensity Variance,statistical,REF-B_fixed_ten_diagnostic,25773,2.26419120785318,2.0,3.0,0.905676483141272,0.8,1.2000000000000002,0.25157680087257556,0.0016296123850541265,0.12427734450781826,axial step verified from official record
WBC,Intensity Variance,statistical,REF-C_fixed_disjoint_four_confirmatory,25773,1.3355837504365033,1.0,3.0,0.5342335001746014,0.4,1.2000000000000002,0.14839819449294483,0.30788033989058317,0.5323788460792303,axial step verified from official record
WBC,Intensity Range Index,statistical,REF-B_fixed_ten_diagnostic,25773,1.2279905327280487,1.0,3.0,0.4911962130912196,0.4,1.2000000000000002,0.13644339252533874,0.29515384316920806,0.692468862763357,axial step verified from official record
WBC,Intensity Range Index,statistical,REF-C_fixed_disjoint_four_confirmatory,25773,1.8275714895433206,1.0,4.0,0.7310285958173284,0.4,1.6,0.20306349883814676,0.18185698211306406,0.5142979086641059,axial step verified from official record
WBC,Maximal Intensity,statistical,REF-B_fixed_ten_diagnostic,25773,1.2203856749311295,1.0,2.0,0.4881542699724518,0.4,0.8,0.13559840832568107,0.21623404337872967,0.6190587048461569,axial step verified from official record
WBC,Maximal Intensity,statistical,REF-C_fixed_disjoint_four_confirmatory,25773,1.2218212858417723,1.0,2.0,0.48872851433670905,0.4,0.8,0.13575792064908584,0.22799053272804873,0.6411360726341521,axial step verified from official record
WBC,Laplacian Energy,laplacian,REF-B_fixed_ten_diagnostic,25773,0.7652582159624414,1.0,1.0,0.30610328638497647,0.4,0.4,0.0850286906624935,0.30213789624801146,0.9424979629845187,axial step verified from official record
WBC,Laplacian Energy,laplacian,REF-C_fixed_disjoint_four_confirmatory,25773,1.7012377294067436,1.0,3.0,0.6804950917626974,0.4,1.2000000000000002,0.18902641437852707,0.14976913824545066,0.5113102859581733,axial step verified from official record
WBC,Mean Absolute Laplacian,laplacian,REF-B_fixed_ten_diagnostic,25773,0.7656074186163815,1.0,1.0,0.3062429674465526,0.4,0.4,0.08506749095737572,0.3507546657354596,0.9090909090909091,axial step verified from official record
WBC,Mean Absolute Laplacian,laplacian,REF-C_fixed_disjoint_four_confirmatory,25773,1.7014317308811546,2.0,3.0,0.680572692352462,0.8,1.2000000000000002,0.1890479700979061,0.1737865207775579,0.49939859542932524,axial step verified from official record
WBC,Spatial Frequency,gradient,REF-B_fixed_ten_diagnostic,25773,0.12831257517557135,0.0,1.0,0.05132503007022853,0.0,0.4,0.014256952797285703,0.8750242501843014,0.9978271834865945,axial step verified from official record
WBC,Spatial Frequency,gradient,REF-C_fixed_disjoint_four_confirmatory,25773,1.0694913281340939,1.0,3.0,0.4277965312536376,0.4,1.2000000000000002,0.1188323697926771,0.4403445466185543,0.6273619679509564,axial step verified from official record
WBC,Modified Tenengrad,gradient,REF-B_fixed_ten_diagnostic,25773,0.03670507895860008,0.0,0.0,0.014682031583440034,0.0,0.0,0.004078342106511121,0.965390136965041,0.9991075932177085,axial step verified from official record
WBC,Modified Tenengrad,gradient,REF-C_fixed_disjoint_four_confirmatory,25773,0.9664765452217436,1.0,3.0,0.3865906180886975,0.4,1.2000000000000002,0.10738628280241598,0.48061925270632055,0.6574709967795755,axial step verified from official record
WBC,Absolute Central Moment 2,statistical,REF-B_fixed_ten_diagnostic,25773,2.26419120785318,2.0,3.0,0.905676483141272,0.8,1.2000000000000002,0.25157680087257556,0.0016296123850541265,0.12427734450781826,axial step verified from official record
WBC,Absolute Central Moment 2,statistical,REF-C_fixed_disjoint_four_confirmatory,25773,1.3355837504365033,1.0,3.0,0.5342335001746014,0.4,1.2000000000000002,0.14839819449294483,0.30788033989058317,0.5323788460792303,axial step verified from official record
WBC,Absolute Central Moment 4,statistical,REF-B_fixed_ten_diagnostic,25773,2.092073099755558,2.0,3.0,0.8368292399022234,0.8,1.2000000000000002,0.2324525666395065,0.013774104683195593,0.19978271834865946,axial step verified from official record
WBC,Absolute Central Moment 4,statistical,REF-C_fixed_disjoint_four_confirmatory,25773,1.3355061498467389,1.0,3.0,0.5342024599386956,0.4,1.2000000000000002,0.14838957220519322,0.24828308695146084,0.5630310790362006,axial step verified from official record
WBC,Image Power,statistical,REF-B_fixed_ten_diagnostic,25773,2.2911574127963372,2.0,4.0,0.9164629651185349,0.8,1.6,0.25457304586625973,0.13533542854925698,0.33504054630815194,axial step verified from official record
WBC,Image Power,statistical,REF-C_fixed_disjoint_four_confirmatory,25773,1.8292399022232568,1.0,4.0,0.7316959608893029,0.4,1.6,0.20324887802480635,0.20277034105459202,0.5608194622279129,axial step verified from official record
TBI,Tenengrad,gradient,REF-B_fixed_ten_diagnostic,30,0.0,0.0,0.0,0.0,0.0,0.0,0.0,1.0,1.0,axial step verified from official record
TBI,Tenengrad,gradient,REF-C_fixed_disjoint_four_confirmatory,30,0.0,0.0,0.0,0.0,0.0,0.0,0.0,1.0,1.0,axial step verified from official record
TBI,Brenner Gradient,gradient,REF-B_fixed_ten_diagnostic,30,0.0,0.0,0.0,0.0,0.0,0.0,0.0,1.0,1.0,axial step verified from official record
TBI,Brenner Gradient,gradient,REF-C_fixed_disjoint_four_confirmatory,30,0.0,0.0,0.0,0.0,0.0,0.0,0.0,1.0,1.0,axial step verified from official record
TBI,Variance of Laplacian,laplacian,REF-B_fixed_ten_diagnostic,30,1.9333333333333333,2.0,4.100000000000001,4.833333333333333,5.0,10.250000000000004,0.2148148148148148,0.23333333333333334,0.4666666666666667,axial step verified from official record
TBI,Variance of Laplacian,laplacian,REF-C_fixed_disjoint_four_confirmatory,30,1.9333333333333333,2.0,4.100000000000001,4.833333333333333,5.0,10.250000000000004,0.2148148148148148,0.23333333333333334,0.4666666666666667,axial step verified from official record
TBI,Sum Modified Laplacian,laplacian,REF-B_fixed_ten_diagnostic,30,1.9333333333333333,2.0,4.100000000000001,4.833333333333333,5.0,10.250000000000004,0.2148148148148148,0.23333333333333334,0.4666666666666667,axial step verified from official record
TBI,Sum Modified Laplacian,laplacian,REF-C_fixed_disjoint_four_confirmatory,30,1.9333333333333333,2.0,4.100000000000001,4.833333333333333,5.0,10.250000000000004,0.2148148148148148,0.23333333333333334,0.4666666666666667,axial step verified from official record
TBI,Normalized Variance,statistical,REF-B_fixed_ten_diagnostic,30,0.03333333333333333,0.0,0.0,0.08333333333333333,0.0,0.0,0.0037037037037037034,0.9666666666666667,1.0,axial step verified from official record
TBI,Energy of Gradient,gradient,REF-B_fixed_ten_diagnostic,30,0.0,0.0,0.0,0.0,0.0,0.0,0.0,1.0,1.0,axial step verified from official record
TBI,Energy of Gradient,gradient,REF-C_fixed_disjoint_four_confirmatory,30,0.0,0.0,0.0,0.0,0.0,0.0,0.0,1.0,1.0,axial step verified from official record
TBI,Histogram Entropy,entropy,REF-B_fixed_ten_diagnostic,30,0.1,0.0,0.10000000000000142,0.25,0.0,0.25000000000000355,0.01111111111111111,0.9,1.0,axial step verified from official record
TBI,GLCM Contrast,texture,REF-B_fixed_ten_diagnostic,30,3.2666666666666666,3.5,5.0,8.166666666666666,8.75,12.5,0.362962962962963,0.06666666666666667,0.1,axial step verified from official record
TBI,Variance of Gradient,gradient,REF-B_fixed_ten_diagnostic,30,0.0,0.0,0.0,0.0,0.0,0.0,0.0,1.0,1.0,axial step verified from official record
TBI,Variance of Gradient,gradient,REF-C_fixed_disjoint_four_confirmatory,30,0.0,0.0,0.0,0.0,0.0,0.0,0.0,1.0,1.0,axial step verified from official record
TBI,Fourier Transform Sharpness Index,frequency,REF-B_fixed_ten_diagnostic,30,0.0,0.0,0.0,0.0,0.0,0.0,0.0,1.0,1.0,axial step verified from official record
TBI,Fourier High Frequency Energy Ratio,frequency,REF-B_fixed_ten_diagnostic,30,0.6333333333333333,0.0,2.0,1.5833333333333333,0.0,5.0,0.07037037037037037,0.6,0.8333333333333334,axial step verified from official record
TBI,Fourier High Frequency Energy Ratio,frequency,REF-C_fixed_disjoint_four_confirmatory,30,0.6333333333333333,0.0,2.0,1.5833333333333333,0.0,5.0,0.07037037037037037,0.6,0.8333333333333334,axial step verified from official record
TBI,Roberts Focus Measure,gradient,REF-B_fixed_ten_diagnostic,30,0.03333333333333333,0.0,0.0,0.08333333333333333,0.0,0.0,0.0037037037037037034,0.9666666666666667,1.0,axial step verified from official record
TBI,Roberts Focus Measure,gradient,REF-C_fixed_disjoint_four_confirmatory,30,0.03333333333333333,0.0,0.0,0.08333333333333333,0.0,0.0,0.0037037037037037034,0.9666666666666667,1.0,axial step verified from official record
TBI,Wavelet W1,wavelet,REF-B_fixed_ten_diagnostic,30,0.1,0.0,0.10000000000000142,0.25,0.0,0.25000000000000355,0.01111111111111111,0.9,1.0,axial step verified from official record
TBI,Wavelet W1,wavelet,REF-C_fixed_disjoint_four_confirmatory,30,0.1,0.0,0.10000000000000142,0.25,0.0,0.25000000000000355,0.01111111111111111,0.9,1.0,axial step verified from official record
TBI,Wavelet W2,wavelet,REF-B_fixed_ten_diagnostic,30,0.1,0.0,0.10000000000000142,0.25,0.0,0.25000000000000355,0.01111111111111111,0.9,1.0,axial step verified from official record
TBI,Wavelet W2,wavelet,REF-C_fixed_disjoint_four_confirmatory,30,0.1,0.0,0.10000000000000142,0.25,0.0,0.25000000000000355,0.01111111111111111,0.9,1.0,axial step verified from official record
TBI,Wavelet W3,wavelet,REF-B_fixed_ten_diagnostic,30,0.1,0.0,0.10000000000000142,0.25,0.0,0.25000000000000355,0.01111111111111111,0.9,1.0,axial step verified from official record
TBI,Wavelet W3,wavelet,REF-C_fixed_disjoint_four_confirmatory,30,0.1,0.0,0.10000000000000142,0.25,0.0,0.25000000000000355,0.01111111111111111,0.9,1.0,axial step verified from official record
TBI,Wavelet Detail Energy (db1),wavelet,REF-B_fixed_ten_diagnostic,30,0.1,0.0,0.10000000000000142,0.25,0.0,0.25000000000000355,0.01111111111111111,0.9,1.0,axial step verified from official record
TBI,Wavelet Detail Energy (db1),wavelet,REF-C_fixed_disjoint_four_confirmatory,30,0.1,0.0,0.10000000000000142,0.25,0.0,0.25000000000000355,0.01111111111111111,0.9,1.0,axial step verified from official record
TBI,Curvelet Transform Sharpness Index,wavelet_alias,REF-B_fixed_ten_diagnostic,30,0.1,0.0,0.10000000000000142,0.25,0.0,0.25000000000000355,0.01111111111111111,0.9,1.0,axial step verified from official record
TBI,Curvelet Transform Sharpness Index,wavelet_alias,REF-C_fixed_disjoint_four_confirmatory,30,0.1,0.0,0.10000000000000142,0.25,0.0,0.25000000000000355,0.01111111111111111,0.9,1.0,axial step verified from official record
TBI,DCT Focus Measure,frequency,REF-B_fixed_ten_diagnostic,30,0.03333333333333333,0.0,0.0,0.08333333333333333,0.0,0.0,0.0037037037037037034,0.9666666666666667,1.0,axial step verified from official record
TBI,DCT Focus Measure,frequency,REF-C_fixed_disjoint_four_confirmatory,30,0.03333333333333333,0.0,0.0,0.08333333333333333,0.0,0.0,0.0037037037037037034,0.9666666666666667,1.0,axial step verified from official record
TBI,Intensity Skewness Index,statistical,REF-B_fixed_ten_diagnostic,30,3.3666666666666667,4.0,5.0,8.416666666666666,10.0,12.5,0.37407407407407406,0.13333333333333333,0.16666666666666666,axial step verified from official record
TBI,Intensity Skewness Index,statistical,REF-C_fixed_disjoint_four_confirmatory,30,3.3666666666666667,4.0,5.0,8.416666666666666,10.0,12.5,0.37407407407407406,0.13333333333333333,0.16666666666666666,axial step verified from official record
TBI,Squared Gradient,gradient,REF-B_fixed_ten_diagnostic,30,0.0,0.0,0.0,0.0,0.0,0.0,0.0,1.0,1.0,axial step verified from official record
TBI,Squared Gradient,gradient,REF-C_fixed_disjoint_four_confirmatory,30,0.0,0.0,0.0,0.0,0.0,0.0,0.0,1.0,1.0,axial step verified from official record
TBI,Gradient Squared Energy,gradient,REF-B_fixed_ten_diagnostic,30,0.0,0.0,0.0,0.0,0.0,0.0,0.0,1.0,1.0,axial step verified from official record
TBI,Gradient Squared Energy,gradient,REF-C_fixed_disjoint_four_confirmatory,30,0.0,0.0,0.0,0.0,0.0,0.0,0.0,1.0,1.0,axial step verified from official record
TBI,Mean Intensity,statistical,REF-B_fixed_ten_diagnostic,30,3.4,4.0,5.0,8.5,10.0,12.5,0.3777777777777777,0.06666666666666667,0.1,axial step verified from official record
TBI,Mean Intensity,statistical,REF-C_fixed_disjoint_four_confirmatory,30,3.4,4.0,5.0,8.5,10.0,12.5,0.3777777777777777,0.06666666666666667,0.1,axial step verified from official record
TBI,Intensity Variance,statistical,REF-B_fixed_ten_diagnostic,30,0.03333333333333333,0.0,0.0,0.08333333333333333,0.0,0.0,0.0037037037037037034,0.9666666666666667,1.0,axial step verified from official record
TBI,Intensity Variance,statistical,REF-C_fixed_disjoint_four_confirmatory,30,0.03333333333333333,0.0,0.0,0.08333333333333333,0.0,0.0,0.0037037037037037034,0.9666666666666667,1.0,axial step verified from official record
TBI,Intensity Range Index,statistical,REF-B_fixed_ten_diagnostic,30,1.1666666666666667,1.0,3.0,2.9166666666666665,2.5,7.5,0.12962962962962965,0.3,0.7333333333333333,axial step verified from official record
TBI,Intensity Range Index,statistical,REF-C_fixed_disjoint_four_confirmatory,30,1.1666666666666667,1.0,3.0,2.9166666666666665,2.5,7.5,0.12962962962962965,0.3,0.7333333333333333,axial step verified from official record
TBI,Maximal Intensity,statistical,REF-B_fixed_ten_diagnostic,30,1.7,1.0,4.0,4.25,2.5,10.0,0.18888888888888886,0.13333333333333333,0.5333333333333333,axial step verified from official record
TBI,Maximal Intensity,statistical,REF-C_fixed_disjoint_four_confirmatory,30,1.7,1.0,4.0,4.25,2.5,10.0,0.18888888888888886,0.13333333333333333,0.5333333333333333,axial step verified from official record
TBI,Laplacian Energy,laplacian,REF-B_fixed_ten_diagnostic,30,1.9333333333333333,2.0,4.100000000000001,4.833333333333333,5.0,10.250000000000004,0.2148148148148148,0.23333333333333334,0.4666666666666667,axial step verified from official record
TBI,Laplacian Energy,laplacian,REF-C_fixed_disjoint_four_confirmatory,30,1.9333333333333333,2.0,4.100000000000001,4.833333333333333,5.0,10.250000000000004,0.2148148148148148,0.23333333333333334,0.4666666666666667,axial step verified from official record
TBI,Mean Absolute Laplacian,laplacian,REF-B_fixed_ten_diagnostic,30,2.5,2.0,5.0,6.25,5.0,12.5,0.27777777777777773,0.13333333333333333,0.36666666666666664,axial step verified from official record
TBI,Mean Absolute Laplacian,laplacian,REF-C_fixed_disjoint_four_confirmatory,30,2.5,2.0,5.0,6.25,5.0,12.5,0.27777777777777773,0.13333333333333333,0.36666666666666664,axial step verified from official record
TBI,Spatial Frequency,gradient,REF-B_fixed_ten_diagnostic,30,0.06666666666666667,0.0,0.0,0.16666666666666666,0.0,0.0,0.007407407407407407,0.9333333333333333,1.0,axial step verified from official record
TBI,Spatial Frequency,gradient,REF-C_fixed_disjoint_four_confirmatory,30,0.06666666666666667,0.0,0.0,0.16666666666666666,0.0,0.0,0.007407407407407407,0.9333333333333333,1.0,axial step verified from official record
TBI,Modified Tenengrad,gradient,REF-B_fixed_ten_diagnostic,30,0.0,0.0,0.0,0.0,0.0,0.0,0.0,1.0,1.0,axial step verified from official record
TBI,Modified Tenengrad,gradient,REF-C_fixed_disjoint_four_confirmatory,30,0.0,0.0,0.0,0.0,0.0,0.0,0.0,1.0,1.0,axial step verified from official record
TBI,Absolute Central Moment 2,statistical,REF-B_fixed_ten_diagnostic,30,0.03333333333333333,0.0,0.0,0.08333333333333333,0.0,0.0,0.0037037037037037034,0.9666666666666667,1.0,axial step verified from official record
TBI,Absolute Central Moment 2,statistical,REF-C_fixed_disjoint_four_confirmatory,30,0.03333333333333333,0.0,0.0,0.08333333333333333,0.0,0.0,0.0037037037037037034,0.9666666666666667,1.0,axial step verified from official record
TBI,Absolute Central Moment 4,statistical,REF-B_fixed_ten_diagnostic,30,0.1,0.0,0.10000000000000142,0.25,0.0,0.25000000000000355,0.01111111111111111,0.9,1.0,axial step verified from official record
TBI,Absolute Central Moment 4,statistical,REF-C_fixed_disjoint_four_confirmatory,30,0.1,0.0,0.10000000000000142,0.25,0.0,0.25000000000000355,0.01111111111111111,0.9,1.0,axial step verified from official record
TBI,Image Power,statistical,REF-B_fixed_ten_diagnostic,30,3.3,3.0,5.0,8.25,7.5,12.5,0.3666666666666666,0.06666666666666667,0.1,axial step verified from official record
TBI,Image Power,statistical,REF-C_fixed_disjoint_four_confirmatory,30,3.3,3.0,5.0,8.25,7.5,12.5,0.3666666666666666,0.06666666666666667,0.1,axial step verified from official record
PBS,Tenengrad,gradient,REF-B_fixed_ten_diagnostic,77,0.4675324675324675,0.0,0.8000000000000114,0.23376623376623376,0.0,0.4000000000000057,0.05844155844155844,0.8961038961038961,0.8961038961038961,axial step verified from official record
PBS,Tenengrad,gradient,REF-C_fixed_disjoint_four_confirmatory,77,1.2337662337662338,0.0,4.0,0.6168831168831169,0.0,2.0,0.12569573283858998,0.6233766233766234,0.7012987012987013,axial step verified from official record
PBS,Brenner Gradient,gradient,REF-B_fixed_ten_diagnostic,77,0.23376623376623376,0.0,0.0,0.11688311688311688,0.0,0.0,0.02922077922077922,0.922077922077922,0.974025974025974,axial step verified from official record
PBS,Brenner Gradient,gradient,REF-C_fixed_disjoint_four_confirmatory,77,0.8961038961038961,0.0,3.0,0.44805194805194803,0.0,1.5,0.08348794063079777,0.6623376623376623,0.7922077922077922,axial step verified from official record
PBS,Variance of Laplacian,laplacian,REF-B_fixed_ten_diagnostic,77,5.935064935064935,7.0,11.0,2.9675324675324677,3.5,5.5,0.45871985157699424,0.15584415584415584,0.23376623376623376,axial step verified from official record
PBS,Variance of Laplacian,laplacian,REF-C_fixed_disjoint_four_confirmatory,77,5.428571428571429,5.0,11.0,2.7142857142857144,2.5,5.5,0.4100185528756958,0.16883116883116883,0.2857142857142857,axial step verified from official record
PBS,Sum Modified Laplacian,laplacian,REF-B_fixed_ten_diagnostic,77,5.1688311688311686,5.0,10.400000000000006,2.5844155844155843,2.5,5.200000000000003,0.40398886827458264,0.24675324675324675,0.3116883116883117,axial step verified from official record
PBS,Sum Modified Laplacian,laplacian,REF-C_fixed_disjoint_four_confirmatory,77,4.662337662337662,5.0,10.400000000000006,2.331168831168831,2.5,5.200000000000003,0.3552875695732839,0.2597402597402597,0.36363636363636365,axial step verified from official record
PBS,Normalized Variance,statistical,REF-B_fixed_ten_diagnostic,77,2.103896103896104,2.0,4.0,1.051948051948052,1.0,2.0,0.1767161410018553,0.2077922077922078,0.4155844155844156,axial step verified from official record
PBS,Energy of Gradient,gradient,REF-B_fixed_ten_diagnostic,77,0.4675324675324675,0.0,0.8000000000000114,0.23376623376623376,0.0,0.4000000000000057,0.05844155844155844,0.8961038961038961,0.8961038961038961,axial step verified from official record
PBS,Energy of Gradient,gradient,REF-C_fixed_disjoint_four_confirmatory,77,1.2337662337662338,0.0,4.0,0.6168831168831169,0.0,2.0,0.12569573283858998,0.6233766233766234,0.7012987012987013,axial step verified from official record
PBS,Histogram Entropy,entropy,REF-B_fixed_ten_diagnostic,77,7.207792207792208,8.0,11.0,3.603896103896104,4.0,5.5,0.5586734693877551,0.025974025974025976,0.1038961038961039,axial step verified from official record
PBS,GLCM Contrast,texture,REF-B_fixed_ten_diagnostic,77,0.7792207792207793,0.0,2.4000000000000057,0.38961038961038963,0.0,1.2000000000000028,0.08000927643784786,0.6233766233766234,0.8701298701298701,axial step verified from official record
PBS,Variance of Gradient,gradient,REF-B_fixed_ten_diagnostic,77,0.5194805194805194,0.0,2.0,0.2597402597402597,0.0,1.0,0.06493506493506493,0.8831168831168831,0.8831168831168831,axial step verified from official record
PBS,Variance of Gradient,gradient,REF-C_fixed_disjoint_four_confirmatory,77,1.2857142857142858,0.0,4.0,0.6428571428571429,0.0,2.0,0.13218923933209648,0.6233766233766234,0.6883116883116883,axial step verified from official record
PBS,Fourier Transform Sharpness Index,frequency,REF-B_fixed_ten_diagnostic,77,0.2987012987012987,0.0,1.0,0.14935064935064934,0.0,0.5,0.0352504638218924,0.8701298701298701,0.935064935064935,axial step verified from official record
PBS,Fourier High Frequency Energy Ratio,frequency,REF-B_fixed_ten_diagnostic,77,1.6883116883116882,0.0,6.400000000000006,0.8441558441558441,0.0,3.200000000000003,0.1407699443413729,0.6233766233766234,0.7792207792207793,axial step verified from official record
PBS,Fourier High Frequency Energy Ratio,frequency,REF-C_fixed_disjoint_four_confirmatory,77,1.9090909090909092,0.0,6.800000000000011,0.9545454545454546,0.0,3.4000000000000057,0.1537569573283859,0.5324675324675324,0.7012987012987013,axial step verified from official record
PBS,Roberts Focus Measure,gradient,REF-B_fixed_ten_diagnostic,77,0.4155844155844156,0.0,1.0,0.2077922077922078,0.0,0.5,0.051252319109461965,0.8701298701298701,0.935064935064935,axial step verified from official record
PBS,Roberts Focus Measure,gradient,REF-C_fixed_disjoint_four_confirmatory,77,0.8181818181818182,0.0,3.0,0.4090909090909091,0.0,1.5,0.07444341372912801,0.6753246753246753,0.8051948051948052,axial step verified from official record
PBS,Wavelet W1,wavelet,REF-B_fixed_ten_diagnostic,77,0.8441558441558441,0.0,2.0,0.42207792207792205,0.0,1.0,0.08395176252319109,0.6233766233766234,0.8831168831168831,axial step verified from official record
PBS,Wavelet W1,wavelet,REF-C_fixed_disjoint_four_confirmatory,77,1.0649350649350648,0.0,3.0,0.5324675324675324,0.0,1.5,0.09415584415584415,0.5064935064935064,0.7792207792207793,axial step verified from official record
PBS,Wavelet W2,wavelet,REF-B_fixed_ten_diagnostic,77,0.8441558441558441,0.0,2.0,0.42207792207792205,0.0,1.0,0.08395176252319109,0.6233766233766234,0.8831168831168831,axial step verified from official record
PBS,Wavelet W2,wavelet,REF-C_fixed_disjoint_four_confirmatory,77,1.0649350649350648,0.0,3.0,0.5324675324675324,0.0,1.5,0.09415584415584415,0.5064935064935064,0.7792207792207793,axial step verified from official record
PBS,Wavelet W3,wavelet,REF-B_fixed_ten_diagnostic,77,0.8441558441558441,0.0,2.0,0.42207792207792205,0.0,1.0,0.08395176252319109,0.6233766233766234,0.8831168831168831,axial step verified from official record
PBS,Wavelet W3,wavelet,REF-C_fixed_disjoint_four_confirmatory,77,1.0649350649350648,0.0,3.0,0.5324675324675324,0.0,1.5,0.09415584415584415,0.5064935064935064,0.7792207792207793,axial step verified from official record
PBS,Wavelet Detail Energy (db1),wavelet,REF-B_fixed_ten_diagnostic,77,0.8441558441558441,0.0,2.0,0.42207792207792205,0.0,1.0,0.08395176252319109,0.6233766233766234,0.8831168831168831,axial step verified from official record
PBS,Wavelet Detail Energy (db1),wavelet,REF-C_fixed_disjoint_four_confirmatory,77,1.0649350649350648,0.0,3.0,0.5324675324675324,0.0,1.5,0.09415584415584415,0.5064935064935064,0.7792207792207793,axial step verified from official record
PBS,Curvelet Transform Sharpness Index,wavelet_alias,REF-B_fixed_ten_diagnostic,77,0.8441558441558441,0.0,2.0,0.42207792207792205,0.0,1.0,0.08395176252319109,0.6233766233766234,0.8831168831168831,axial step verified from official record
PBS,Curvelet Transform Sharpness Index,wavelet_alias,REF-C_fixed_disjoint_four_confirmatory,77,1.0649350649350648,0.0,3.0,0.5324675324675324,0.0,1.5,0.09415584415584415,0.5064935064935064,0.7792207792207793,axial step verified from official record
PBS,DCT Focus Measure,frequency,REF-B_fixed_ten_diagnostic,77,0.5324675324675324,0.0,1.0,0.2662337662337662,0.0,0.5,0.056818181818181816,0.7532467532467533,0.9090909090909091,axial step verified from official record
PBS,DCT Focus Measure,frequency,REF-C_fixed_disjoint_four_confirmatory,77,1.1948051948051948,0.0,4.0,0.5974025974025974,0.0,2.0,0.11665120593692023,0.5714285714285714,0.7272727272727273,axial step verified from official record
PBS,Intensity Skewness Index,statistical,REF-B_fixed_ten_diagnostic,77,7.8311688311688314,8.0,11.0,3.9155844155844157,4.0,5.5,0.6115491651205937,0.012987012987012988,0.1038961038961039,axial step verified from official record
PBS,Intensity Skewness Index,statistical,REF-C_fixed_disjoint_four_confirmatory,77,7.558441558441558,8.0,11.0,3.779220779220779,4.0,5.5,0.5837198515769944,0.012987012987012988,0.11688311688311688,axial step verified from official record
PBS,Squared Gradient,gradient,REF-B_fixed_ten_diagnostic,77,0.4675324675324675,0.0,0.8000000000000114,0.23376623376623376,0.0,0.4000000000000057,0.05844155844155844,0.8961038961038961,0.8961038961038961,axial step verified from official record
PBS,Squared Gradient,gradient,REF-C_fixed_disjoint_four_confirmatory,77,1.2337662337662338,0.0,4.0,0.6168831168831169,0.0,2.0,0.12569573283858998,0.6233766233766234,0.7012987012987013,axial step verified from official record
PBS,Gradient Squared Energy,gradient,REF-B_fixed_ten_diagnostic,77,0.4675324675324675,0.0,0.8000000000000114,0.23376623376623376,0.0,0.4000000000000057,0.05844155844155844,0.8961038961038961,0.8961038961038961,axial step verified from official record
PBS,Gradient Squared Energy,gradient,REF-C_fixed_disjoint_four_confirmatory,77,1.2337662337662338,0.0,4.0,0.6168831168831169,0.0,2.0,0.12569573283858998,0.6233766233766234,0.7012987012987013,axial step verified from official record
PBS,Mean Intensity,statistical,REF-B_fixed_ten_diagnostic,77,2.2337662337662336,2.0,5.0,1.1168831168831168,1.0,2.5,0.1964285714285714,0.16883116883116883,0.4805194805194805,axial step verified from official record
PBS,Mean Intensity,statistical,REF-C_fixed_disjoint_four_confirmatory,77,2.8701298701298703,2.0,7.0,1.4350649350649352,1.0,3.5,0.2502319109461967,0.11688311688311688,0.35064935064935066,axial step verified from official record
PBS,Intensity Variance,statistical,REF-B_fixed_ten_diagnostic,77,1.5584415584415585,1.0,3.4000000000000057,0.7792207792207793,0.5,1.7000000000000028,0.13914656771799624,0.3116883116883117,0.5714285714285714,axial step verified from official record
PBS,Intensity Variance,statistical,REF-C_fixed_disjoint_four_confirmatory,77,1.1818181818181819,1.0,3.0,0.5909090909090909,0.5,1.5,0.099721706864564,0.38961038961038963,0.7272727272727273,axial step verified from official record
PBS,Intensity Range Index,statistical,REF-B_fixed_ten_diagnostic,77,1.6363636363636365,1.0,4.0,0.8181818181818182,0.5,2.0,0.16001855287569572,0.3246753246753247,0.6233766233766234,axial step verified from official record
PBS,Intensity Range Index,statistical,REF-C_fixed_disjoint_four_confirmatory,77,2.324675324675325,2.0,5.400000000000006,1.1623376623376624,1.0,2.700000000000003,0.21753246753246752,0.2077922077922078,0.45454545454545453,axial step verified from official record
PBS,Maximal Intensity,statistical,REF-B_fixed_ten_diagnostic,77,1.7792207792207793,1.0,5.0,0.8896103896103896,0.5,2.5,0.16256957328385896,0.33766233766233766,0.5714285714285714,axial step verified from official record
PBS,Maximal Intensity,statistical,REF-C_fixed_disjoint_four_confirmatory,77,2.4415584415584415,2.0,5.400000000000006,1.2207792207792207,1.0,2.700000000000003,0.21822820037105745,0.19480519480519481,0.4025974025974026,axial step verified from official record
PBS,Laplacian Energy,laplacian,REF-B_fixed_ten_diagnostic,77,5.935064935064935,7.0,11.0,2.9675324675324677,3.5,5.5,0.45871985157699424,0.15584415584415584,0.23376623376623376,axial step verified from official record
PBS,Laplacian Energy,laplacian,REF-C_fixed_disjoint_four_confirmatory,77,5.428571428571429,5.0,11.0,2.7142857142857144,2.5,5.5,0.4100185528756958,0.16883116883116883,0.2857142857142857,axial step verified from official record
PBS,Mean Absolute Laplacian,laplacian,REF-B_fixed_ten_diagnostic,77,5.2727272727272725,6.0,10.400000000000006,2.6363636363636362,3.0,5.200000000000003,0.4114100185528758,0.23376623376623376,0.3116883116883117,axial step verified from official record
PBS,Mean Absolute Laplacian,laplacian,REF-C_fixed_disjoint_four_confirmatory,77,4.766233766233766,5.0,10.400000000000006,2.383116883116883,2.5,5.200000000000003,0.36270871985157704,0.24675324675324675,0.36363636363636365,axial step verified from official record
PBS,Spatial Frequency,gradient,REF-B_fixed_ten_diagnostic,77,0.45454545454545453,0.0,1.0,0.22727272727272727,0.0,0.5,0.05612244897959184,0.8441558441558441,0.922077922077922,axial step verified from official record
PBS,Spatial Frequency,gradient,REF-C_fixed_disjoint_four_confirmatory,77,0.8571428571428571,0.0,3.0,0.42857142857142855,0.0,1.5,0.07931354359925788,0.6493506493506493,0.7922077922077922,axial step verified from official record
PBS,Modified Tenengrad,gradient,REF-B_fixed_ten_diagnostic,77,0.4935064935064935,0.0,0.8000000000000114,0.24675324675324675,0.0,0.4000000000000057,0.06168831168831169,0.8961038961038961,0.8961038961038961,axial step verified from official record
PBS,Modified Tenengrad,gradient,REF-C_fixed_disjoint_four_confirmatory,77,1.2597402597402598,0.0,4.0,0.6298701298701299,0.0,2.0,0.12894248608534323,0.6233766233766234,0.7012987012987013,axial step verified from official record
PBS,Absolute Central Moment 2,statistical,REF-B_fixed_ten_diagnostic,77,1.5584415584415585,1.0,3.4000000000000057,0.7792207792207793,0.5,1.7000000000000028,0.13914656771799624,0.3116883116883117,0.5714285714285714,axial step verified from official record
PBS,Absolute Central Moment 2,statistical,REF-C_fixed_disjoint_four_confirmatory,77,1.1818181818181819,1.0,3.0,0.5909090909090909,0.5,1.5,0.099721706864564,0.38961038961038963,0.7272727272727273,axial step verified from official record
PBS,Absolute Central Moment 4,statistical,REF-B_fixed_ten_diagnostic,77,1.5324675324675325,1.0,3.0,0.7662337662337663,0.5,1.5,0.13381261595547306,0.3116883116883117,0.5844155844155844,axial step verified from official record
PBS,Absolute Central Moment 4,statistical,REF-C_fixed_disjoint_four_confirmatory,77,1.3116883116883118,1.0,3.0,0.6558441558441559,0.5,1.5,0.11386827458256027,0.38961038961038963,0.7142857142857143,axial step verified from official record
PBS,Image Power,statistical,REF-B_fixed_ten_diagnostic,77,1.948051948051948,1.0,4.0,0.974025974025974,0.5,2.0,0.1753246753246753,0.2077922077922078,0.5454545454545454,axial step verified from official record
PBS,Image Power,statistical,REF-C_fixed_disjoint_four_confirmatory,77,2.5844155844155843,2.0,7.0,1.2922077922077921,1.0,3.5,0.22912801484230055,0.16883116883116883,0.4155844155844156,axial step verified from official record
BMA,Tenengrad,gradient,REF-B_fixed_ten_diagnostic,38,0.02631578947368421,0.0,0.0,0.013157894736842105,0.0,0.0,0.0020242914979757085,0.9736842105263158,1.0,axial step verified from official record
BMA,Tenengrad,gradient,REF-C_fixed_disjoint_four_confirmatory,38,0.07894736842105263,0.0,0.0,0.039473684210526314,0.0,0.0,0.006072874493927126,0.9210526315789473,1.0,axial step verified from official record
BMA,Brenner Gradient,gradient,REF-B_fixed_ten_diagnostic,38,0.02631578947368421,0.0,0.0,0.013157894736842105,0.0,0.0,0.0020242914979757085,0.9736842105263158,1.0,axial step verified from official record
BMA,Brenner Gradient,gradient,REF-C_fixed_disjoint_four_confirmatory,38,0.07894736842105263,0.0,0.0,0.039473684210526314,0.0,0.0,0.006072874493927126,0.9210526315789473,1.0,axial step verified from official record
BMA,Variance of Laplacian,laplacian,REF-B_fixed_ten_diagnostic,38,0.0,0.0,0.0,0.0,0.0,0.0,0.0,1.0,1.0,axial step verified from official record
BMA,Variance of Laplacian,laplacian,REF-C_fixed_disjoint_four_confirmatory,38,0.05263157894736842,0.0,0.0,0.02631578947368421,0.0,0.0,0.004048582995951417,0.9473684210526315,1.0,axial step verified from official record
BMA,Sum Modified Laplacian,laplacian,REF-B_fixed_ten_diagnostic,38,0.0,0.0,0.0,0.0,0.0,0.0,0.0,1.0,1.0,axial step verified from official record
BMA,Sum Modified Laplacian,laplacian,REF-C_fixed_disjoint_four_confirmatory,38,0.05263157894736842,0.0,0.0,0.02631578947368421,0.0,0.0,0.004048582995951417,0.9473684210526315,1.0,axial step verified from official record
BMA,Normalized Variance,statistical,REF-B_fixed_ten_diagnostic,38,0.10526315789473684,0.0,0.30000000000000426,0.05263157894736842,0.0,0.15000000000000213,0.008097165991902834,0.8947368421052632,1.0,axial step verified from official record
BMA,Energy of Gradient,gradient,REF-B_fixed_ten_diagnostic,38,0.02631578947368421,0.0,0.0,0.013157894736842105,0.0,0.0,0.0020242914979757085,0.9736842105263158,1.0,axial step verified from official record
BMA,Energy of Gradient,gradient,REF-C_fixed_disjoint_four_confirmatory,38,0.07894736842105263,0.0,0.0,0.039473684210526314,0.0,0.0,0.006072874493927126,0.9210526315789473,1.0,axial step verified from official record
BMA,Histogram Entropy,entropy,REF-B_fixed_ten_diagnostic,38,5.105263157894737,7.0,9.0,2.5526315789473686,3.5,4.5,0.39271255060728744,0.18421052631578946,0.3157894736842105,axial step verified from official record
BMA,GLCM Contrast,texture,REF-B_fixed_ten_diagnostic,38,0.3157894736842105,0.0,0.0,0.15789473684210525,0.0,0.0,0.024291497975708502,0.9210526315789473,0.9736842105263158,axial step verified from official record
BMA,Variance of Gradient,gradient,REF-B_fixed_ten_diagnostic,38,0.05263157894736842,0.0,0.0,0.02631578947368421,0.0,0.0,0.004048582995951417,0.9473684210526315,1.0,axial step verified from official record
BMA,Variance of Gradient,gradient,REF-C_fixed_disjoint_four_confirmatory,38,0.10526315789473684,0.0,0.30000000000000426,0.05263157894736842,0.0,0.15000000000000213,0.008097165991902834,0.8947368421052632,1.0,axial step verified from official record
BMA,Fourier Transform Sharpness Index,frequency,REF-B_fixed_ten_diagnostic,38,0.0,0.0,0.0,0.0,0.0,0.0,0.0,1.0,1.0,axial step verified from official record
BMA,Fourier High Frequency Energy Ratio,frequency,REF-B_fixed_ten_diagnostic,38,0.2894736842105263,0.0,1.0,0.14473684210526316,0.0,0.5,0.022267206477732792,0.868421052631579,0.9736842105263158,axial step verified from official record
BMA,Fourier High Frequency Energy Ratio,frequency,REF-C_fixed_disjoint_four_confirmatory,38,0.2894736842105263,0.0,1.0,0.14473684210526316,0.0,0.5,0.022267206477732792,0.868421052631579,0.9736842105263158,axial step verified from official record
BMA,Roberts Focus Measure,gradient,REF-B_fixed_ten_diagnostic,38,0.02631578947368421,0.0,0.0,0.013157894736842105,0.0,0.0,0.0020242914979757085,0.9736842105263158,1.0,axial step verified from official record
BMA,Roberts Focus Measure,gradient,REF-C_fixed_disjoint_four_confirmatory,38,0.07894736842105263,0.0,0.0,0.039473684210526314,0.0,0.0,0.006072874493927126,0.9210526315789473,1.0,axial step verified from official record
BMA,Wavelet W1,wavelet,REF-B_fixed_ten_diagnostic,38,0.02631578947368421,0.0,0.0,0.013157894736842105,0.0,0.0,0.0020242914979757085,0.9736842105263158,1.0,axial step verified from official record
BMA,Wavelet W1,wavelet,REF-C_fixed_disjoint_four_confirmatory,38,0.02631578947368421,0.0,0.0,0.013157894736842105,0.0,0.0,0.0020242914979757085,0.9736842105263158,1.0,axial step verified from official record
BMA,Wavelet W2,wavelet,REF-B_fixed_ten_diagnostic,38,0.02631578947368421,0.0,0.0,0.013157894736842105,0.0,0.0,0.0020242914979757085,0.9736842105263158,1.0,axial step verified from official record
BMA,Wavelet W2,wavelet,REF-C_fixed_disjoint_four_confirmatory,38,0.02631578947368421,0.0,0.0,0.013157894736842105,0.0,0.0,0.0020242914979757085,0.9736842105263158,1.0,axial step verified from official record
BMA,Wavelet W3,wavelet,REF-B_fixed_ten_diagnostic,38,0.02631578947368421,0.0,0.0,0.013157894736842105,0.0,0.0,0.0020242914979757085,0.9736842105263158,1.0,axial step verified from official record
BMA,Wavelet W3,wavelet,REF-C_fixed_disjoint_four_confirmatory,38,0.02631578947368421,0.0,0.0,0.013157894736842105,0.0,0.0,0.0020242914979757085,0.9736842105263158,1.0,axial step verified from official record
BMA,Wavelet Detail Energy (db1),wavelet,REF-B_fixed_ten_diagnostic,38,0.02631578947368421,0.0,0.0,0.013157894736842105,0.0,0.0,0.0020242914979757085,0.9736842105263158,1.0,axial step verified from official record
BMA,Wavelet Detail Energy (db1),wavelet,REF-C_fixed_disjoint_four_confirmatory,38,0.02631578947368421,0.0,0.0,0.013157894736842105,0.0,0.0,0.0020242914979757085,0.9736842105263158,1.0,axial step verified from official record
BMA,Curvelet Transform Sharpness Index,wavelet_alias,REF-B_fixed_ten_diagnostic,38,0.02631578947368421,0.0,0.0,0.013157894736842105,0.0,0.0,0.0020242914979757085,0.9736842105263158,1.0,axial step verified from official record
BMA,Curvelet Transform Sharpness Index,wavelet_alias,REF-C_fixed_disjoint_four_confirmatory,38,0.02631578947368421,0.0,0.0,0.013157894736842105,0.0,0.0,0.0020242914979757085,0.9736842105263158,1.0,axial step verified from official record
BMA,DCT Focus Measure,frequency,REF-B_fixed_ten_diagnostic,38,0.02631578947368421,0.0,0.0,0.013157894736842105,0.0,0.0,0.0020242914979757085,0.9736842105263158,1.0,axial step verified from official record
BMA,DCT Focus Measure,frequency,REF-C_fixed_disjoint_four_confirmatory,38,0.02631578947368421,0.0,0.0,0.013157894736842105,0.0,0.0,0.0020242914979757085,0.9736842105263158,1.0,axial step verified from official record
BMA,Intensity Skewness Index,statistical,REF-B_fixed_ten_diagnostic,38,6.815789473684211,8.0,10.0,3.4078947368421053,4.0,5.0,0.5242914979757086,0.0,0.05263157894736842,axial step verified from official record
BMA,Intensity Skewness Index,statistical,REF-C_fixed_disjoint_four_confirmatory,38,6.868421052631579,8.0,10.0,3.4342105263157894,4.0,5.0,0.52834008097166,0.0,0.05263157894736842,axial step verified from official record
BMA,Squared Gradient,gradient,REF-B_fixed_ten_diagnostic,38,0.02631578947368421,0.0,0.0,0.013157894736842105,0.0,0.0,0.0020242914979757085,0.9736842105263158,1.0,axial step verified from official record
BMA,Squared Gradient,gradient,REF-C_fixed_disjoint_four_confirmatory,38,0.07894736842105263,0.0,0.0,0.039473684210526314,0.0,0.0,0.006072874493927126,0.9210526315789473,1.0,axial step verified from official record
BMA,Gradient Squared Energy,gradient,REF-B_fixed_ten_diagnostic,38,0.02631578947368421,0.0,0.0,0.013157894736842105,0.0,0.0,0.0020242914979757085,0.9736842105263158,1.0,axial step verified from official record
BMA,Gradient Squared Energy,gradient,REF-C_fixed_disjoint_four_confirmatory,38,0.07894736842105263,0.0,0.0,0.039473684210526314,0.0,0.0,0.006072874493927126,0.9210526315789473,1.0,axial step verified from official record
BMA,Mean Intensity,statistical,REF-B_fixed_ten_diagnostic,38,4.894736842105263,6.0,8.0,2.4473684210526314,3.0,4.0,0.3765182186234817,0.05263157894736842,0.13157894736842105,axial step verified from official record
BMA,Mean Intensity,statistical,REF-C_fixed_disjoint_four_confirmatory,38,4.947368421052632,6.0,8.0,2.473684210526316,3.0,4.0,0.3805668016194332,0.05263157894736842,0.13157894736842105,axial step verified from official record
BMA,Intensity Variance,statistical,REF-B_fixed_ten_diagnostic,38,0.10526315789473684,0.0,0.30000000000000426,0.05263157894736842,0.0,0.15000000000000213,0.008097165991902834,0.8947368421052632,1.0,axial step verified from official record
BMA,Intensity Variance,statistical,REF-C_fixed_disjoint_four_confirmatory,38,0.05263157894736842,0.0,0.0,0.02631578947368421,0.0,0.0,0.004048582995951417,0.9473684210526315,1.0,axial step verified from official record
BMA,Intensity Range Index,statistical,REF-B_fixed_ten_diagnostic,38,1.5263157894736843,1.0,3.3000000000000043,0.7631578947368421,0.5,1.6500000000000021,0.11740890688259109,0.21052631578947367,0.6052631578947368,axial step verified from official record
BMA,Intensity Range Index,statistical,REF-C_fixed_disjoint_four_confirmatory,38,1.5789473684210527,1.0,3.3000000000000043,0.7894736842105263,0.5,1.6500000000000021,0.1214574898785425,0.18421052631578946,0.6052631578947368,axial step verified from official record
BMA,Maximal Intensity,statistical,REF-B_fixed_ten_diagnostic,38,1.9473684210526316,1.0,5.0,0.9736842105263158,0.5,2.5,0.14979757085020243,0.21052631578947367,0.5263157894736842,axial step verified from official record
BMA,Maximal Intensity,statistical,REF-C_fixed_disjoint_four_confirmatory,38,2.0,1.0,5.0,1.0,0.5,2.5,0.15384615384615385,0.18421052631578946,0.5263157894736842,axial step verified from official record
BMA,Laplacian Energy,laplacian,REF-B_fixed_ten_diagnostic,38,0.0,0.0,0.0,0.0,0.0,0.0,0.0,1.0,1.0,axial step verified from official record
BMA,Laplacian Energy,laplacian,REF-C_fixed_disjoint_four_confirmatory,38,0.05263157894736842,0.0,0.0,0.02631578947368421,0.0,0.0,0.004048582995951417,0.9473684210526315,1.0,axial step verified from official record
BMA,Mean Absolute Laplacian,laplacian,REF-B_fixed_ten_diagnostic,38,0.07894736842105263,0.0,0.0,0.039473684210526314,0.0,0.0,0.006072874493927126,0.9210526315789473,1.0,axial step verified from official record
BMA,Mean Absolute Laplacian,laplacian,REF-C_fixed_disjoint_four_confirmatory,38,0.13157894736842105,0.0,1.0,0.06578947368421052,0.0,0.5,0.010121457489878543,0.868421052631579,1.0,axial step verified from official record
BMA,Spatial Frequency,gradient,REF-B_fixed_ten_diagnostic,38,0.0,0.0,0.0,0.0,0.0,0.0,0.0,1.0,1.0,axial step verified from official record
BMA,Spatial Frequency,gradient,REF-C_fixed_disjoint_four_confirmatory,38,0.05263157894736842,0.0,0.0,0.02631578947368421,0.0,0.0,0.004048582995951417,0.9473684210526315,1.0,axial step verified from official record
BMA,Modified Tenengrad,gradient,REF-B_fixed_ten_diagnostic,38,0.02631578947368421,0.0,0.0,0.013157894736842105,0.0,0.0,0.0020242914979757085,0.9736842105263158,1.0,axial step verified from official record
BMA,Modified Tenengrad,gradient,REF-C_fixed_disjoint_four_confirmatory,38,0.07894736842105263,0.0,0.0,0.039473684210526314,0.0,0.0,0.006072874493927126,0.9210526315789473,1.0,axial step verified from official record
BMA,Absolute Central Moment 2,statistical,REF-B_fixed_ten_diagnostic,38,0.10526315789473684,0.0,0.30000000000000426,0.05263157894736842,0.0,0.15000000000000213,0.008097165991902834,0.8947368421052632,1.0,axial step verified from official record
BMA,Absolute Central Moment 2,statistical,REF-C_fixed_disjoint_four_confirmatory,38,0.05263157894736842,0.0,0.0,0.02631578947368421,0.0,0.0,0.004048582995951417,0.9473684210526315,1.0,axial step verified from official record
BMA,Absolute Central Moment 4,statistical,REF-B_fixed_ten_diagnostic,38,0.4473684210526316,0.0,1.0,0.2236842105263158,0.0,0.5,0.03441295546558704,0.7105263157894737,0.9473684210526315,axial step verified from official record
BMA,Absolute Central Moment 4,statistical,REF-C_fixed_disjoint_four_confirmatory,38,0.4473684210526316,0.0,1.0,0.2236842105263158,0.0,0.5,0.03441295546558704,0.7105263157894737,0.9473684210526315,axial step verified from official record
BMA,Image Power,statistical,REF-B_fixed_ten_diagnostic,38,0.3157894736842105,0.0,1.0,0.15789473684210525,0.0,0.5,0.024291497975708502,0.8421052631578947,0.9473684210526315,axial step verified from official record
BMA,Image Power,statistical,REF-C_fixed_disjoint_four_confirmatory,38,0.3684210526315789,0.0,1.0,0.18421052631578946,0.0,0.5,0.028340080971659923,0.7894736842105263,0.9473684210526315,axial step verified from official record
TBF,Tenengrad,gradient,REF-B_fixed_ten_diagnostic,182,0.01098901098901099,0.0,0.0,0.005494505494505495,0.0,0.0,0.00084530853761623,0.989010989010989,1.0,axial step verified from official record
TBF,Tenengrad,gradient,REF-C_fixed_disjoint_four_confirmatory,182,0.09340659340659341,0.0,0.0,0.046703296703296704,0.0,0.0,0.007185122569737956,0.9065934065934066,1.0,axial step verified from official record
TBF,Brenner Gradient,gradient,REF-B_fixed_ten_diagnostic,182,0.02197802197802198,0.0,0.0,0.01098901098901099,0.0,0.0,0.00169061707523246,0.978021978021978,1.0,axial step verified from official record
TBF,Brenner Gradient,gradient,REF-C_fixed_disjoint_four_confirmatory,182,0.09340659340659341,0.0,0.0,0.046703296703296704,0.0,0.0,0.007185122569737956,0.9065934065934066,1.0,axial step verified from official record
TBF,Variance of Laplacian,laplacian,REF-B_fixed_ten_diagnostic,182,5.417582417582418,6.0,8.0,2.708791208791209,3.0,4.0,0.4167371090448014,0.0989010989010989,0.1978021978021978,axial step verified from official record
TBF,Variance of Laplacian,laplacian,REF-C_fixed_disjoint_four_confirmatory,182,5.335164835164835,6.0,8.0,2.6675824175824174,3.0,4.0,0.4103972950126797,0.11538461538461539,0.2032967032967033,axial step verified from official record
TBF,Sum Modified Laplacian,laplacian,REF-B_fixed_ten_diagnostic,182,4.961538461538462,6.0,8.0,2.480769230769231,3.0,4.0,0.3816568047337278,0.15934065934065933,0.2692307692307692,axial step verified from official record
TBF,Sum Modified Laplacian,laplacian,REF-C_fixed_disjoint_four_confirmatory,182,4.8791208791208796,6.0,8.0,2.4395604395604398,3.0,4.0,0.37531699070160607,0.1813186813186813,0.27472527472527475,axial step verified from official record
TBF,Normalized Variance,statistical,REF-B_fixed_ten_diagnostic,182,0.18681318681318682,0.0,1.0,0.09340659340659341,0.0,0.5,0.014370245139475912,0.8571428571428571,0.9945054945054945,axial step verified from official record
TBF,Energy of Gradient,gradient,REF-B_fixed_ten_diagnostic,182,0.01098901098901099,0.0,0.0,0.005494505494505495,0.0,0.0,0.00084530853761623,0.989010989010989,1.0,axial step verified from official record
TBF,Energy of Gradient,gradient,REF-C_fixed_disjoint_four_confirmatory,182,0.09340659340659341,0.0,0.0,0.046703296703296704,0.0,0.0,0.007185122569737956,0.9065934065934066,1.0,axial step verified from official record
TBF,Histogram Entropy,entropy,REF-B_fixed_ten_diagnostic,182,0.4230769230769231,0.0,1.0,0.21153846153846154,0.0,0.5,0.03254437869822486,0.5769230769230769,1.0,axial step verified from official record
TBF,GLCM Contrast,texture,REF-B_fixed_ten_diagnostic,182,7.043956043956044,7.0,9.0,3.521978021978022,3.5,4.5,0.5418427726120034,0.0,0.0,axial step verified from official record
TBF,Variance of Gradient,gradient,REF-B_fixed_ten_diagnostic,182,0.04945054945054945,0.0,0.0,0.024725274725274724,0.0,0.0,0.003803888419273035,0.9505494505494505,1.0,axial step verified from official record
TBF,Variance of Gradient,gradient,REF-C_fixed_disjoint_four_confirmatory,182,0.13186813186813187,0.0,1.0,0.06593406593406594,0.0,0.5,0.01014370245139476,0.8681318681318682,1.0,axial step verified from official record
TBF,Fourier Transform Sharpness Index,frequency,REF-B_fixed_ten_diagnostic,182,0.02197802197802198,0.0,0.0,0.01098901098901099,0.0,0.0,0.00169061707523246,0.978021978021978,1.0,axial step verified from official record
TBF,Fourier High Frequency Energy Ratio,frequency,REF-B_fixed_ten_diagnostic,182,5.0054945054945055,6.0,8.0,2.5027472527472527,3.0,4.0,0.38503803888419275,0.14835164835164835,0.21978021978021978,axial step verified from official record
TBF,Fourier High Frequency Energy Ratio,frequency,REF-C_fixed_disjoint_four_confirmatory,182,4.956043956043956,6.0,8.0,2.478021978021978,3.0,4.0,0.3812341504649197,0.14835164835164835,0.21978021978021978,axial step verified from official record
TBF,Roberts Focus Measure,gradient,REF-B_fixed_ten_diagnostic,182,3.9945054945054945,5.0,8.0,1.9972527472527473,2.5,4.0,0.3072696534234996,0.2692307692307692,0.44505494505494503,axial step verified from official record
TBF,Roberts Focus Measure,gradient,REF-C_fixed_disjoint_four_confirmatory,182,3.912087912087912,5.0,8.0,1.956043956043956,2.5,4.0,0.30092983939137785,0.2967032967032967,0.44505494505494503,axial step verified from official record
TBF,Wavelet W1,wavelet,REF-B_fixed_ten_diagnostic,182,7.071428571428571,7.0,9.0,3.5357142857142856,3.5,4.5,0.5439560439560439,0.0,0.0,axial step verified from official record
TBF,Wavelet W1,wavelet,REF-C_fixed_disjoint_four_confirmatory,182,6.989010989010989,7.0,8.0,3.4945054945054945,3.5,4.0,0.5376162299239222,0.0,0.0,axial step verified from official record
TBF,Wavelet W2,wavelet,REF-B_fixed_ten_diagnostic,182,7.071428571428571,7.0,9.0,3.5357142857142856,3.5,4.5,0.5439560439560439,0.0,0.0,axial step verified from official record
TBF,Wavelet W2,wavelet,REF-C_fixed_disjoint_four_confirmatory,182,6.989010989010989,7.0,8.0,3.4945054945054945,3.5,4.0,0.5376162299239222,0.0,0.0,axial step verified from official record
TBF,Wavelet W3,wavelet,REF-B_fixed_ten_diagnostic,182,7.071428571428571,7.0,9.0,3.5357142857142856,3.5,4.5,0.5439560439560439,0.0,0.0,axial step verified from official record
TBF,Wavelet W3,wavelet,REF-C_fixed_disjoint_four_confirmatory,182,6.989010989010989,7.0,8.0,3.4945054945054945,3.5,4.0,0.5376162299239222,0.0,0.0,axial step verified from official record
TBF,Wavelet Detail Energy (db1),wavelet,REF-B_fixed_ten_diagnostic,182,7.071428571428571,7.0,9.0,3.5357142857142856,3.5,4.5,0.5439560439560439,0.0,0.0,axial step verified from official record
TBF,Wavelet Detail Energy (db1),wavelet,REF-C_fixed_disjoint_four_confirmatory,182,6.989010989010989,7.0,8.0,3.4945054945054945,3.5,4.0,0.5376162299239222,0.0,0.0,axial step verified from official record
TBF,Curvelet Transform Sharpness Index,wavelet_alias,REF-B_fixed_ten_diagnostic,182,7.071428571428571,7.0,9.0,3.5357142857142856,3.5,4.5,0.5439560439560439,0.0,0.0,axial step verified from official record
TBF,Curvelet Transform Sharpness Index,wavelet_alias,REF-C_fixed_disjoint_four_confirmatory,182,6.989010989010989,7.0,8.0,3.4945054945054945,3.5,4.0,0.5376162299239222,0.0,0.0,axial step verified from official record
TBF,DCT Focus Measure,frequency,REF-B_fixed_ten_diagnostic,182,3.28021978021978,1.0,8.0,1.64010989010989,0.5,4.0,0.25232459847844463,0.3791208791208791,0.5439560439560439,axial step verified from official record
TBF,DCT Focus Measure,frequency,REF-C_fixed_disjoint_four_confirmatory,182,3.197802197802198,1.0,8.0,1.598901098901099,0.5,4.0,0.24598478444632293,0.4175824175824176,0.5494505494505495,axial step verified from official record
TBF,Intensity Skewness Index,statistical,REF-B_fixed_ten_diagnostic,182,7.076923076923077,7.0,9.0,3.5384615384615383,3.5,4.5,0.544378698224852,0.005494505494505495,0.016483516483516484,axial step verified from official record
TBF,Intensity Skewness Index,statistical,REF-C_fixed_disjoint_four_confirmatory,182,7.0054945054945055,7.0,8.0,3.5027472527472527,3.5,4.0,0.5388841927303466,0.01098901098901099,0.016483516483516484,axial step verified from official record
TBF,Squared Gradient,gradient,REF-B_fixed_ten_diagnostic,182,0.01098901098901099,0.0,0.0,0.005494505494505495,0.0,0.0,0.00084530853761623,0.989010989010989,1.0,axial step verified from official record
TBF,Squared Gradient,gradient,REF-C_fixed_disjoint_four_confirmatory,182,0.09340659340659341,0.0,0.0,0.046703296703296704,0.0,0.0,0.007185122569737956,0.9065934065934066,1.0,axial step verified from official record
TBF,Gradient Squared Energy,gradient,REF-B_fixed_ten_diagnostic,182,0.01098901098901099,0.0,0.0,0.005494505494505495,0.0,0.0,0.00084530853761623,0.989010989010989,1.0,axial step verified from official record
TBF,Gradient Squared Energy,gradient,REF-C_fixed_disjoint_four_confirmatory,182,0.09340659340659341,0.0,0.0,0.046703296703296704,0.0,0.0,0.007185122569737956,0.9065934065934066,1.0,axial step verified from official record
TBF,Mean Intensity,statistical,REF-B_fixed_ten_diagnostic,182,6.895604395604396,7.0,9.0,3.447802197802198,3.5,4.5,0.5304311073541842,0.0,0.005494505494505495,axial step verified from official record
TBF,Mean Intensity,statistical,REF-C_fixed_disjoint_four_confirmatory,182,6.813186813186813,7.0,8.0,3.4065934065934065,3.5,4.0,0.5240912933220626,0.0,0.005494505494505495,axial step verified from official record
TBF,Intensity Variance,statistical,REF-B_fixed_ten_diagnostic,182,0.17582417582417584,0.0,1.0,0.08791208791208792,0.0,0.5,0.01352493660185968,0.8681318681318682,0.9945054945054945,axial step verified from official record
TBF,Intensity Variance,statistical,REF-C_fixed_disjoint_four_confirmatory,182,0.1043956043956044,0.0,0.0,0.0521978021978022,0.0,0.0,0.008030431107354184,0.9395604395604396,0.9945054945054945,axial step verified from official record
TBF,Intensity Range Index,statistical,REF-B_fixed_ten_diagnostic,182,0.6208791208791209,1.0,1.0,0.31043956043956045,0.5,0.5,0.047759932375317,0.4010989010989011,0.978021978021978,axial step verified from official record
TBF,Intensity Range Index,statistical,REF-C_fixed_disjoint_four_confirmatory,182,0.5384615384615384,1.0,1.0,0.2692307692307692,0.5,0.5,0.04142011834319527,0.4725274725274725,0.989010989010989,axial step verified from official record
TBF,Maximal Intensity,statistical,REF-B_fixed_ten_diagnostic,182,0.6153846153846154,1.0,1.0,0.3076923076923077,0.5,0.5,0.04733727810650888,0.4065934065934066,0.978021978021978,axial step verified from official record
TBF,Maximal Intensity,statistical,REF-C_fixed_disjoint_four_confirmatory,182,0.532967032967033,1.0,1.0,0.2664835164835165,0.5,0.5,0.040997464074387154,0.47802197802197804,0.989010989010989,axial step verified from official record
TBF,Laplacian Energy,laplacian,REF-B_fixed_ten_diagnostic,182,5.417582417582418,6.0,8.0,2.708791208791209,3.0,4.0,0.4167371090448014,0.0989010989010989,0.1978021978021978,axial step verified from official record
TBF,Laplacian Energy,laplacian,REF-C_fixed_disjoint_four_confirmatory,182,5.335164835164835,6.0,8.0,2.6675824175824174,3.0,4.0,0.4103972950126797,0.11538461538461539,0.2032967032967033,axial step verified from official record
TBF,Mean Absolute Laplacian,laplacian,REF-B_fixed_ten_diagnostic,182,6.906593406593407,7.0,9.0,3.4532967032967035,3.5,4.5,0.5312764158918005,0.01098901098901099,0.01098901098901099,axial step verified from official record
TBF,Mean Absolute Laplacian,laplacian,REF-C_fixed_disjoint_four_confirmatory,182,6.824175824175824,7.0,8.0,3.412087912087912,3.5,4.0,0.5249366018596787,0.01098901098901099,0.01098901098901099,axial step verified from official record
TBF,Spatial Frequency,gradient,REF-B_fixed_ten_diagnostic,182,4.961538461538462,6.0,8.0,2.480769230769231,3.0,4.0,0.3816568047337278,0.17032967032967034,0.2692307692307692,axial step verified from official record
TBF,Spatial Frequency,gradient,REF-C_fixed_disjoint_four_confirmatory,182,4.8791208791208796,6.0,8.0,2.4395604395604398,3.0,4.0,0.3753169907016062,0.19230769230769232,0.27472527472527475,axial step verified from official record
TBF,Modified Tenengrad,gradient,REF-B_fixed_ten_diagnostic,182,0.005494505494505495,0.0,0.0,0.0027472527472527475,0.0,0.0,0.000422654268808115,0.9945054945054945,1.0,axial step verified from official record
TBF,Modified Tenengrad,gradient,REF-C_fixed_disjoint_four_confirmatory,182,0.08791208791208792,0.0,0.0,0.04395604395604396,0.0,0.0,0.00676246830092984,0.9120879120879121,1.0,axial step verified from official record
TBF,Absolute Central Moment 2,statistical,REF-B_fixed_ten_diagnostic,182,0.17582417582417584,0.0,1.0,0.08791208791208792,0.0,0.5,0.01352493660185968,0.8681318681318682,0.9945054945054945,axial step verified from official record
TBF,Absolute Central Moment 2,statistical,REF-C_fixed_disjoint_four_confirmatory,182,0.1043956043956044,0.0,0.0,0.0521978021978022,0.0,0.0,0.008030431107354184,0.9395604395604396,0.9945054945054945,axial step verified from official record
TBF,Absolute Central Moment 4,statistical,REF-B_fixed_ten_diagnostic,182,0.23076923076923078,0.0,1.0,0.11538461538461539,0.0,0.5,0.01775147928994083,0.8131868131868132,0.9945054945054945,axial step verified from official record
TBF,Absolute Central Moment 4,statistical,REF-C_fixed_disjoint_four_confirmatory,182,0.14835164835164835,0.0,0.9000000000000057,0.07417582417582418,0.0,0.45000000000000284,0.011411665257819104,0.8956043956043956,0.9945054945054945,axial step verified from official record
TBF,Image Power,statistical,REF-B_fixed_ten_diagnostic,182,3.2252747252747254,1.5,8.0,1.6126373626373627,0.75,4.0,0.2480980557903635,0.2857142857142857,0.5,axial step verified from official record
TBF,Image Power,statistical,REF-C_fixed_disjoint_four_confirmatory,182,3.142857142857143,1.5,7.0,1.5714285714285714,0.75,3.5,0.24175824175824176,0.31868131868131866,0.5,axial step verified from official record
